  0
SECTION
  2
HEADER
  9
$ACADVER
  1
AC1024
  9
$ACADMAINTVER
 70
     6
  9
$DWGCODEPAGE
  3
ANSI_1252
  9
$INSBASE
 10
0.0
 20
0.0
 30
0.0
  9
$EXTMIN
 10
-1037.0699639116035
 20
-235.07544724615616
 30
0.0
  9
$EXTMAX
 10
1591.7858624267249
 20
734.3684860229196
 30
0.0
  9
$LIMMIN
 10
-1037.0699639116035
 20
-235.07544724615616
  9
$LIMMAX
 10
1591.7858624267249
 20
734.3684860229196
  9
$ORTHOMODE
 70
     0
  9
$REGENMODE
 70
     1
  9
$FILLMODE
 70
     1
  9
$QTEXTMODE
 70
     0
  9
$MIRRTEXT
 70
     1
  9
$LTSCALE
 40
1.0
  9
$ATTMODE
 70
     1
  9
$TEXTSIZE
 40
2.5
  9
$TRACEWID
 40
1.0
  9
$TEXTSTYLE
  7
Standard
  9
$CLAYER
  8
Outline
  9
$CELTYPE
  6
ByLayer
  9
$CECOLOR
 62
   256
  9
$CELTSCALE
 40
1.0
  9
$DISPSILH
 70
     0
  9
$DIMSCALE
 40
1.0
  9
$DIMASZ
 40
2.5
  9
$DIMEXO
 40
0.625
  9
$DIMDLI
 40
3.75
  9
$DIMRND
 40
0.0
  9
$DIMDLE
 40
0.0
  9
$DIMEXE
 40
1.25
  9
$DIMTP
 40
0.0
  9
$DIMTM
 40
0.0
  9
$DIMTXT
 40
2.5
  9
$DIMCEN
 40
2.5
  9
$DIMTSZ
 40
0.0
  9
$DIMTOL
 70
     0
  9
$DIMLIM
 70
     0
  9
$DIMTIH
 70
     0
  9
$DIMTOH
 70
     0
  9
$DIMSE1
 70
     0
  9
$DIMSE2
 70
     0
  9
$DIMTAD
 70
     1
  9
$DIMZIN
 70
     8
  9
$DIMBLK
  1

  9
$DIMASO
 70
     1
  9
$DIMSHO
 70
     1
  9
$DIMPOST
  1

  9
$DIMAPOST
  1

  9
$DIMALT
 70
     0
  9
$DIMALTD
 70
     3
  9
$DIMALTF
 40
0.03937007874016
  9
$DIMLFAC
 40
1.0
  9
$DIMTOFL
 70
     1
  9
$DIMTVP
 40
0.0
  9
$DIMTIX
 70
     0
  9
$DIMSOXD
 70
     0
  9
$DIMSAH
 70
     0
  9
$DIMBLK1
  1

  9
$DIMBLK2
  1

  9
$DIMSTYLE
  2
ISO-25
  9
$DIMCLRD
 70
     0
  9
$DIMCLRE
 70
     0
  9
$DIMCLRT
 70
     0
  9
$DIMTFAC
 40
1.0
  9
$DIMGAP
 40
0.625
  9
$DIMJUST
 70
     0
  9
$DIMSD1
 70
     0
  9
$DIMSD2
 70
     0
  9
$DIMTOLJ
 70
     0
  9
$DIMTZIN
 70
     8
  9
$DIMALTZ
 70
     0
  9
$DIMALTTZ
 70
     0
  9
$DIMUPT
 70
     0
  9
$DIMDEC
 70
     2
  9
$DIMTDEC
 70
     2
  9
$DIMALTU
 70
     2
  9
$DIMALTTD
 70
     3
  9
$DIMTXSTY
  7
Standard
  9
$DIMAUNIT
 70
     0
  9
$DIMADEC
 70
     0
  9
$DIMALTRND
 40
0.0
  9
$DIMAZIN
 70
     0
  9
$DIMDSEP
 70
    44
  9
$DIMATFIT
 70
     3
  9
$DIMFRAC
 70
     0
  9
$DIMLDRBLK
  1

  9
$DIMLUNIT
 70
     2
  9
$DIMLWD
 70
    -2
  9
$DIMLWE
 70
    -2
  9
$DIMTMOVE
 70
     0
  9
$DIMFXL
 40
1.0
  9
$DIMFXLON
 70
     0
  9
$DIMJOGANG
 40
0.7853981633974483
  9
$DIMTFILL
 70
     0
  9
$DIMTFILLCLR
 70
     0
  9
$DIMARCSYM
 70
     0
  9
$DIMLTYPE
  6

  9
$DIMLTEX1
  6

  9
$DIMLTEX2
  6

  9
$DIMTXTDIRECTION
 70
     0
  9
$LUNITS
 70
     2
  9
$LUPREC
 70
     4
  9
$SKETCHINC
 40
1.0
  9
$FILLETRAD
 40
10.0
  9
$AUNITS
 70
     0
  9
$AUPREC
 70
     0
  9
$MENU
  1
.
  9
$ELEVATION
 40
0.0
  9
$PELEVATION
 40
0.0
  9
$THICKNESS
 40
0.0
  9
$LIMCHECK
 70
     0
  9
$CHAMFERA
 40
10.0
  9
$CHAMFERB
 40
10.0
  9
$CHAMFERC
 40
20.0
  9
$CHAMFERD
 40
0.0
  9
$SKPOLY
 70
     0
  9
$TDCREATE
 40
2456231.748506945
  9
$TDUCREATE
 40
2456231.373506945
  9
$TDUPDATE
 40
2456231.748506945
  9
$TDUUPDATE
 40
2456231.373506945
  9
$TDINDWG
 40
0.0000000116
  9
$TDUSRTIMER
 40
0.0000000116
  9
$USRTIMER
 70
     1
  9
$ANGBASE
 50
0.0
  9
$ANGDIR
 70
     0
  9
$PDMODE
 70
     0
  9
$PDSIZE
 40
0.0
  9
$PLINEWID
 40
0.0
  9
$SPLFRAME
 70
     0
  9
$SPLINETYPE
 70
     6
  9
$SPLINESEGS
 70
     8
  9
$HANDSEED
  5
6F
  9
$SURFTAB1
 70
     6
  9
$SURFTAB2
 70
     6
  9
$SURFTYPE
 70
     6
  9
$SURFU
 70
     6
  9
$SURFV
 70
     6
  9
$UCSBASE
  2

  9
$UCSNAME
  2

  9
$UCSORG
 10
0.0
 20
0.0
 30
0.0
  9
$UCSXDIR
 10
1.0
 20
0.0
 30
0.0
  9
$UCSYDIR
 10
0.0
 20
1.0
 30
0.0
  9
$UCSORTHOREF
  2

  9
$UCSORTHOVIEW
 70
     0
  9
$UCSORGTOP
 10
0.0
 20
0.0
 30
0.0
  9
$UCSORGBOTTOM
 10
0.0
 20
0.0
 30
0.0
  9
$UCSORGLEFT
 10
0.0
 20
0.0
 30
0.0
  9
$UCSORGRIGHT
 10
0.0
 20
0.0
 30
0.0
  9
$UCSORGFRONT
 10
0.0
 20
0.0
 30
0.0
  9
$UCSORGBACK
 10
0.0
 20
0.0
 30
0.0
  9
$PUCSBASE
  2

  9
$PUCSNAME
  2

  9
$PUCSORG
 10
0.0
 20
0.0
 30
0.0
  9
$PUCSXDIR
 10
1.0
 20
0.0
 30
0.0
  9
$PUCSYDIR
 10
0.0
 20
1.0
 30
0.0
  9
$PUCSORTHOREF
  2

  9
$PUCSORTHOVIEW
 70
     0
  9
$PUCSORGTOP
 10
0.0
 20
0.0
 30
0.0
  9
$PUCSORGBOTTOM
 10
0.0
 20
0.0
 30
0.0
  9
$PUCSORGLEFT
 10
0.0
 20
0.0
 30
0.0
  9
$PUCSORGRIGHT
 10
0.0
 20
0.0
 30
0.0
  9
$PUCSORGFRONT
 10
0.0
 20
0.0
 30
0.0
  9
$PUCSORGBACK
 10
0.0
 20
0.0
 30
0.0
  9
$USERI1
 70
     0
  9
$USERI2
 70
     0
  9
$USERI3
 70
     0
  9
$USERI4
 70
     0
  9
$USERI5
 70
     0
  9
$USERR1
 40
0.0
  9
$USERR2
 40
0.0
  9
$USERR3
 40
0.0
  9
$USERR4
 40
0.0
  9
$USERR5
 40
0.0
  9
$WORLDVIEW
 70
     1
  9
$SHADEDGE
 70
     3
  9
$SHADEDIF
 70
    70
  9
$TILEMODE
 70
     1
  9
$MAXACTVP
 70
    64
  9
$PINSBASE
 10
0.0
 20
0.0
 30
0.0
  9
$PLIMCHECK
 70
     0
  9
$PEXTMIN
 10
1.000000000000000E+20
 20
1.000000000000000E+20
 30
1.000000000000000E+20
  9
$PEXTMAX
 10
-1.000000000000000E+20
 20
-1.000000000000000E+20
 30
-1.000000000000000E+20
  9
$PLIMMIN
 10
0.0
 20
0.0
  9
$PLIMMAX
 10
420.0
 20
297.0
  9
$UNITMODE
 70
     0
  9
$VISRETAIN
 70
     1
  9
$PLINEGEN
 70
     0
  9
$PSLTSCALE
 70
     1
  9
$TREEDEPTH
 70
  3020
  9
$CMLSTYLE
  2
Standard
  9
$CMLJUST
 70
     0
  9
$CMLSCALE
 40
20.0
  9
$PROXYGRAPHICS
 70
     1
  9
$MEASUREMENT
 70
     1
  9
$CELWEIGHT
370
    -1
  9
$ENDCAPS
280
     0
  9
$JOINSTYLE
280
     0
  9
$LWDISPLAY
290
     0
  9
$INSUNITS
 70
     4
  9
$HYPERLINKBASE
  1

  9
$STYLESHEET
  1

  9
$XEDIT
290
     1
  9
$CEPSNTYPE
380
     0
  9
$PSTYLEMODE
290
     1
  9
$FINGERPRINTGUID
  2
{92905EEA-4798-D3AF-0738-BBE039DCC74E}
  9
$VERSIONGUID
  2
{FAEB1C32-E019-11D5-929B-00C0DF256EC4}
  9
$EXTNAMES
290
     1
  9
$PSVPSCALE
 40
0.0
  9
$OLESTARTUP
290
     0
  9
$SORTENTS
280
   127
  9
$INDEXCTL
280
     0
  9
$HIDETEXT
280
     1
  9
$XCLIPFRAME
280
     2
  9
$HALOGAP
280
     0
  9
$OBSCOLOR
 70
   257
  9
$OBSLTYPE
280
     0
  9
$INTERSECTIONDISPLAY
280
     0
  9
$INTERSECTIONCOLOR
 70
   257
  9
$DIMASSOC
280
     2
  9
$PROJECTNAME
  1

  9
$CAMERADISPLAY
290
     0
  9
$LENSLENGTH
 40
50.0
  9
$CAMERAHEIGHT
 40
0.0
  9
$STEPSPERSEC
 40
2.0
  9
$STEPSIZE
 40
6.0
  9
$3DDWFPREC
 40
2.0
  9
$PSOLWIDTH
 40
5.0
  9
$PSOLHEIGHT
 40
80.0
  9
$LOFTANG1
 40
1.570796326794897
  9
$LOFTANG2
 40
1.570796326794897
  9
$LOFTMAG1
 40
0.0
  9
$LOFTMAG2
 40
0.0
  9
$LOFTPARAM
 70
     7
  9
$LOFTNORMALS
280
     1
  9
$LATITUDE
 40
37.795
  9
$LONGITUDE
 40
-122.394
  9
$NORTHDIRECTION
 40
0.0
  9
$TIMEZONE
 70
 -8000
  9
$LIGHTGLYPHDISPLAY
280
     1
  9
$TILEMODELIGHTSYNCH
280
     1
  9
$CMATERIAL
347
3C
  9
$SOLIDHIST
280
     1
  9
$SHOWHIST
280
     1
  9
$DWFFRAME
280
     2
  9
$DGNFRAME
280
     2
  9
$REALWORLDSCALE
290
     1
  9
$INTERFERECOLOR
 62
   256
  9
$CSHADOW
280
     0
  9
$SHADOWPLANELOCATION
 40
0.0
  0
ENDSEC
  0
SECTION
  2
CLASSES
  0
CLASS
  1
ACDBDICTIONARYWDFLT
  2
AcDbDictionaryWithDefault
  3
ObjectDBX Classes
 90
        0
 91
        4
280
     0
281
     0
  0
CLASS
  1
VISUALSTYLE
  2
AcDbVisualStyle
  3
ObjectDBX Classes
 90
     4095
 91
        4
280
     0
281
     0
  0
CLASS
  1
MATERIAL
  2
AcDbMaterial
  3
ObjectDBX Classes
 90
     1153
 91
        4
280
     0
281
     0
  0
CLASS
  1
SUN
  2
AcDbSun
  3
SCENEOE
 90
     1024
 91
        4
280
     0
281
     0
  0
ENDSEC
  0
SECTION
  2
TABLES
  0
TABLE
  2
VPORT
  5
8
330
0
100
AcDbSymbolTable
 70
     1
  0
VPORT
  5
29
330
8
100
AcDbSymbolTableRecord
100
AcDbViewportTableRecord
  2
*Active
 70
     0
 10
0.0
 20
0.0
 11
1.0
 21
1.0
 12
360.5069142256372
 22
77.37740091485402
 13
0.0
 23
0.0
 14
10.0
 24
10.0
 15
10.0
 25
10.0
 16
0.0
 26
0.0
 36
1.0
 17
0.0
 27
0.0
 37
0.0
 40
643.00113180099
 41
2.116173120728929
 42
50.0
 43
0.0
 44
0.0
 50
0.0
 51
0.0
 71
     0
 72
   100
 73
     1
 74
     3
 75
     0
 76
     0
 77
     0
 78
     0
281
     0
 65
     1
110
0.0
120
0.0
130
0.0
111
1.0
121
0.0
131
0.0
112
0.0
122
1.0
132
0.0
 79
     0
146
0.0
 60
     3
 61
     5
292
     1
282
     1
141
0.0
142
0.0
 63
   250
361
3F
  0
ENDTAB
  0
TABLE
  2
LTYPE
  5
5
330
0
100
AcDbSymbolTable
 70
     7
  0
LTYPE
  5
14
330
5
100
AcDbSymbolTableRecord
100
AcDbLinetypeTableRecord
  2
ByBlock
 70
     0
  3

 72
    65
 73
     0
 40
0.0
  0
LTYPE
  5
15
330
5
100
AcDbSymbolTableRecord
100
AcDbLinetypeTableRecord
  2
ByLayer
 70
     0
  3

 72
    65
 73
     0
 40
0.0
  0
LTYPE
  5
16
330
5
100
AcDbSymbolTableRecord
100
AcDbLinetypeTableRecord
  2
Continuous
 70
     0
  3
Solid line
 72
    65
 73
     0
 40
0.0
  0
LTYPE
  5
40
330
5
100
AcDbSymbolTableRecord
100
AcDbLinetypeTableRecord
  2
DOT
 70
     0
  3
Dot . . . . . . . . . . . . . . . . . . . . . . . .
 72
    65
 73
     2
 40
2.032
 49
1.016
 74
     0
 49
-1.016
 74
     0
  0
LTYPE
  5
41
330
5
100
AcDbSymbolTableRecord
100
AcDbLinetypeTableRecord
  2
CENTER
 70
     0
  3
Center ____ _ ____ _ ____ _ ____ _ ____ _ ____
 72
    65
 73
     4
 40
13.208
 49
8.128
 74
     0
 49
-1.524
 74
     0
 49
2.032
 74
     0
 49
-1.524
 74
     0
  0
LTYPE
  5
42
330
5
100
AcDbSymbolTableRecord
100
AcDbLinetypeTableRecord
  2
HIDDEN2
 70
     0
  3
Hidden (.5x) _ _ _ _ _ _ _ _ _ _ _ _ _ _ _ _ _
 72
    65
 73
     2
 40
4.762499999999999
 49
3.175
 74
     0
 49
-1.5875
 74
     0
  0
LTYPE
  5
43
330
5
100
AcDbSymbolTableRecord
100
AcDbLinetypeTableRecord
  2
DASHED
 70
     0
  3
Dashed __ __ __ __ __ __ __ __ __ __ __ __ __ _
 72
    65
 73
     2
 40
9.652
 49
8.128
 74
     0
 49
-1.524
 74
     0
  0
LTYPE
  5
44
330
5
100
AcDbSymbolTableRecord
100
AcDbLinetypeTableRecord
  2
PHANTOM2
 70
     0
  3
Phantom (.5x) ___ _ _ ___ _ _ ___ _ _ ___ _ _
 72
    65
 73
     6
 40
14.732
 49
8.128
 74
     0
 49
-1.524
 74
     0
 49
1.016
 74
     0
 49
-1.524
 74
     0
 49
1.016
 74
     0
 49
-1.524
 74
     0
  0
LTYPE
  5
45
330
5
100
AcDbSymbolTableRecord
100
AcDbLinetypeTableRecord
  2
DASHDOT
 70
     0
  3
Dash dot __ . __ . __ . __ . __ . __ . __ . __
 72
    65
 73
     4
 40
11.176
 49
8.128
 74
     0
 49
-1.524
 74
     0
 49
0.0
 74
     0
 49
-1.524
 74
     0
  0
ENDTAB
  0
TABLE
  2
LAYER
  5
2
330
0
100
AcDbSymbolTable
 70
     7
  0
LAYER
  5
10
330
2
100
AcDbSymbolTableRecord
100
AcDbLayerTableRecord
  2
0
 70
     0
 62
     5
  6
Continuous
370
    -3
390
F
347
3E
  0
LAYER
  5
46
330
2
100
AcDbSymbolTableRecord
100
AcDbLayerTableRecord
  2
Default
 70
     0
 62
     255
  6
Continuous
370
    -3
390
F
347
3E
  0
LAYER
  5
78
330
2
100
AcDbSymbolTableRecord
100
AcDbLayerTableRecord
  2
main_beam
 70
0
 62
255
  6
Continuous
370
    -3
390
F
347
3E
  0
LAYER
  5
b7
330
2
100
AcDbSymbolTableRecord
100
AcDbLayerTableRecord
  2
main_beam_width
 70
0
 62
255
  6
Continuous
370
    -3
390
F
347
3E
  0
LAYER
  5
134
330
2
100
AcDbSymbolTableRecord
100
AcDbLayerTableRecord
  2
Mirrors
 70
0
 62
255
  6
Continuous
370
    -3
390
F
347
3E
  0
LAYER
  5
144
330
2
100
AcDbSymbolTableRecord
100
AcDbLayerTableRecord
  2
text
 70
0
 62
255
  6
Continuous
370
    -3
390
F
347
3E
  0
ENDTAB
  0
TABLE
  2
STYLE
  5
3
330
0
100
AcDbSymbolTable
 70
    33
  0
STYLE
  5
11
330
3
100
AcDbSymbolTableRecord
100
AcDbTextStyleTableRecord
  2
Standard
 70
     0
 40
0.0
 41
1.0
 50
0.0
 71
     0
 42
2.5
  3
txt
  4

  0
ENDTAB
  0
TABLE
  2
VIEW
  5
6
330
0
100
AcDbSymbolTable
 70
     0
  0
ENDTAB
  0
TABLE
  2
UCS
  5
7
330
0
100
AcDbSymbolTable
 70
     0
  0
ENDTAB
  0
TABLE
  2
APPID
  5
9
330
0
100
AcDbSymbolTable
 70
     1
  0
APPID
  5
12
330
9
100
AcDbSymbolTableRecord
100
AcDbRegAppTableRecord
  2
ACAD
 70
     0
  0
ENDTAB
  0
TABLE
  2
DIMSTYLE
  5
A
330
0
100
AcDbSymbolTable
 70
     1
100
AcDbDimStyleTable
  0
DIMSTYLE
105
27
330
A
100
AcDbSymbolTableRecord
100
AcDbDimStyleTableRecord
  2
ISO-25
 70
     0
 41
2.5
 42
0.625
 43
3.75
 44
1.25
 73
     0
 74
     0
 77
     1
 78
     8
140
2.5
141
2.5
143
0.03937007874016
147
0.625
171
     3
172
     1
178
     0
271
     2
272
     2
274
     3
278
    44
283
     0
284
     8
340
11
  0
ENDTAB
  0
TABLE
  2
BLOCK_RECORD
  5
1
330
0
100
AcDbSymbolTable
 70
     1
  0
BLOCK_RECORD
  5
1F
330
1
100
AcDbSymbolTableRecord
100
AcDbBlockTableRecord
  2
*Model_Space
340
22
 70
     0
280
     1
281
     0
  0
BLOCK_RECORD
  5
1B
330
1
100
AcDbSymbolTableRecord
100
AcDbBlockTableRecord
  2
*Paper_Space
340
1E
 70
     0
280
     1
281
     0
  0
BLOCK_RECORD
  5
23
330
1
100
AcDbSymbolTableRecord
100
AcDbBlockTableRecord
  2
*Paper_Space0
340
26
 70
     0
280
     1
281
     0
  0
ENDTAB
    0
ENDSEC
  0
SECTION
  2
BLOCKS
  0
BLOCK
  5
20
330
1F
100
AcDbEntity
  8
0
100
AcDbBlockBegin
  2
*Model_Space
 70
     0
 10
0.0
 20
0.0
 30
0.0
  3
*Model_Space
  1

  0
ENDBLK
  5
21
330
1F
100
AcDbEntity
  8
0
100
AcDbBlockEnd
  0
BLOCK
  5
1C
330
1B
100
AcDbEntity
 67
     1
  8
0
100
AcDbBlockBegin
  2
*Paper_Space
 70
     0
 10
0.0
 20
0.0
 30
0.0
  3
*Paper_Space
  1

  0
ENDBLK
  5
1D
330
1B
100
AcDbEntity
 67
     1
  8
0
100
AcDbBlockEnd
  0
BLOCK
  5
24
330
23
100
AcDbEntity
  8
0
100
AcDbBlockBegin
  2
*Paper_Space0
 70
     0
 10
0.0
 20
0.0
 30
0.0
  3
*Paper_Space0
  1

  0
ENDBLK
  5
25
330
23
100
AcDbEntity
  8
0
100
AcDbBlockEnd
  0
ENDSEC
  0
SECTION
  2
ENTITIES
  0
LINE
  5
79
330
1F
100
AcDbEntity
  8
main_beam
100
AcDbLine
 10
0.0
 20
0.0
 30
0.0
  11
499.9415205870579
 21
88.1531788559148
 31
0.0
  0
LINE
  5
7a
330
1F
100
AcDbEntity
  8
main_beam
100
AcDbLine
 10
499.9415205870579
 20
88.1531788559148
 30
0.0
  11
593.4755803356371
 21
99.1396273666269
 31
0.0
  0
LINE
  5
7b
330
1F
100
AcDbEntity
  8
main_beam
100
AcDbLine
 10
593.4755803356371
 20
99.1396273666269
 30
0.0
  11
499.9639854998986
 21
109.2969620414086
 31
0.0
  0
LINE
  5
7c
330
1F
100
AcDbEntity
  8
main_beam
100
AcDbLine
 10
499.9639854998986
 20
109.2969620414086
 30
0.0
  11
593.3805835793816
 21
120.91114200276888
 31
0.0
  0
LINE
  5
7d
330
1F
100
AcDbEntity
  8
main_beam
100
AcDbLine
 10
499.9415205870579
 20
88.1531788559148
 30
0.0
  11
-0.5870306074173826
 21
186.63702314030846
 31
0.0
  0
LINE
  5
7e
330
1F
100
AcDbEntity
  8
main_beam
100
AcDbLine
 10
-0.5870306074173826
 20
186.63702314030846
 30
0.0
  11
-52.12576574551991
 21
192.0644237435597
 31
0.0
  0
LINE
  5
7f
330
1F
100
AcDbEntity
  8
main_beam
100
AcDbLine
 10
-52.12576574551991
 20
192.0644237435597
 30
0.0
  11
-2.4476581919863625
 21
206.7905985303193
 31
0.0
  0
LINE
  5
80
330
1F
100
AcDbEntity
  8
main_beam
100
AcDbLine
 10
-2.4476581919863625
 20
206.7905985303193
 30
0.0
  11
-53.945446915920165
 21
211.86787096743006
 31
0.0
  0
LINE
  5
81
330
1F
100
AcDbEntity
  8
main_beam
100
AcDbLine
 10
-0.5870306074173826
 20
186.63702314030846
 30
0.0
  11
252.7205093294379
 21
285.649464166713
 31
0.0
  0
LINE
  5
82
330
1F
100
AcDbEntity
  8
main_beam
100
AcDbLine
 10
252.7205093294379
 20
285.649464166713
 30
0.0
  11
298.5128152580625
 21
303.821043368039
 31
0.0
  0
LINE
  5
83
330
1F
100
AcDbEntity
  8
main_beam
100
AcDbLine
 10
298.5128152580625
 20
303.821043368039
 30
0.0
  11
252.45184512055963
 21
286.3045351961177
 31
0.0
  0
LINE
  5
84
330
1F
100
AcDbEntity
  8
main_beam
100
AcDbLine
 10
252.45184512055963
 20
286.3045351961177
 30
0.0
  11
297.5919613569414
 21
306.1936667647621
 31
0.0
  0
LINE
  5
85
330
1F
100
AcDbEntity
  8
main_beam
100
AcDbLine
 10
297.5919613569414
 20
306.1936667647621
 30
0.0
  11
250.7600335725999
 21
290.4295979907039
 31
0.0
  0
LINE
  5
86
330
1F
100
AcDbEntity
  8
main_beam
100
AcDbLine
 10
252.7205093294379
 20
285.649464166713
 30
0.0
  11
0.24600193379253898
 21
177.1750048238523
 31
0.0
  0
LINE
  5
87
330
1F
100
AcDbEntity
  8
main_beam
100
AcDbLine
 10
0.24600193379253898
 20
177.1750048238523
 30
0.0
  11
-49.325136680360096
 21
161.58539764398736
 31
0.0
  0
LINE
  5
88
330
1F
100
AcDbEntity
  8
main_beam
100
AcDbLine
 10
0.24600193379253898
 20
177.1750048238523
 30
0.0
  11
499.2927397674477
 21
58.806258471841204
 31
0.0
  0
LINE
  5
89
330
1F
100
AcDbEntity
  8
main_beam
100
AcDbLine
 10
499.2927397674477
 20
58.806258471841204
 30
0.0
  11
593.7226328002704
 21
42.51973252315322
 31
0.0
  0
LINE
  5
8a
330
1F
100
AcDbEntity
  8
main_beam
100
AcDbLine
 10
499.2927397674477
 20
58.806258471841204
 30
0.0
  11
-487.25403364374654
 21
-104.67298752581397
 31
0.0
  0
LINE
  5
8b
330
1F
100
AcDbEntity
  8
main_beam
100
AcDbLine
 10
593.7226328002704
 20
42.51973252315322
 30
0.0
  11
1562.3662593330519
 21
-205.93453847539737
 31
0.0
  0
LINE
  5
8c
330
1F
100
AcDbEntity
  8
main_beam
100
AcDbLine
 10
-49.325136680360096
 20
161.58539764398736
 30
0.0
  11
-969.110240765871
 21
-230.83703074461263
 31
0.0
  0
LINE
  5
8d
330
1F
100
AcDbEntity
  8
main_beam
100
AcDbLine
 10
298.5128152580625
 20
303.821043368039
 30
0.0
  11
1226.806096109525
 21
675.6699168718161
 31
0.0
  0
LINE
  5
8e
330
1F
100
AcDbEntity
  8
main_beam
100
AcDbLine
 10
252.45184512055963
 20
286.3045351961177
 30
0.0
  11
-1.1808518873968055
 21
193.20892960394926
 31
0.0
  0
LINE
  5
8f
330
1F
100
AcDbEntity
  8
main_beam
100
AcDbLine
 10
-1.1808518873968055
 20
193.20892960394926
 30
0.0
  11
-50.965923485256695
 21
179.441951541968
 31
0.0
  0
LINE
  5
90
330
1F
100
AcDbEntity
  8
main_beam
100
AcDbLine
 10
-50.9659234852567
 20
179.441951541968
 30
0.0
  11
0.43527384757257453
 21
174.98323378309294
 31
0.0
  0
LINE
  5
91
330
1F
100
AcDbEntity
  8
main_beam
100
AcDbLine
 10
0.4352738475725815
 20
174.98323378309294
 30
0.0
  11
-49.3482189905922
 21
161.83660061290422
 31
0.0
  0
LINE
  5
92
330
1F
100
AcDbEntity
  8
main_beam
100
AcDbLine
 10
-1.1808518873968055
 20
193.20892960394926
 30
0.0
  11
499.97748083262763
 21
107.35156409081844
 31
0.0
  0
LINE
  5
93
330
1F
100
AcDbEntity
  8
main_beam
100
AcDbLine
 10
499.97748083262763
 20
107.35156409081844
 30
0.0
  11
593.486788966523
 21
96.57081469338996
 31
0.0
  0
LINE
  5
94
330
1F
100
AcDbEntity
  8
main_beam
100
AcDbLine
 10
593.486788966523
 20
96.57081469338996
 30
0.0
  11
499.90566322218723
 21
84.95342672489076
 31
0.0
  0
LINE
  5
95
330
1F
100
AcDbEntity
  8
main_beam
100
AcDbLine
 10
499.90566322218723
 20
84.95342672489076
 30
0.0
  11
593.598676152176
 21
70.92832334886069
 31
0.0
  0
LINE
  5
96
330
1F
100
AcDbEntity
  8
main_beam
100
AcDbLine
 10
499.97748083262763
 20
107.35156409081844
 30
0.0
  11
-483.52004864326847
 21
-73.56999215610543
 31
0.0
  0
LINE
  5
97
330
1F
100
AcDbEntity
  8
main_beam
100
AcDbLine
 10
593.486788966523
 20
96.57081469338996
 30
0.0
  11
1579.2643548345118
 21
-71.48450545858567
 31
0.0
  0
LINE
  5
98
330
1F
100
AcDbEntity
  8
main_beam
100
AcDbLine
 10
499.90566322218723
 20
84.95342672489076
 30
0.0
  11
-482.9541327105297
 21
-99.40118140601056
 31
0.0
  0
LINE
  5
99
330
1F
100
AcDbEntity
  8
main_beam
100
AcDbLine
 10
593.598676152176
 20
70.92832334886069
 30
0.0
  11
1569.8459643925612
 21
-145.7309303267994
 31
0.0
  0
LINE
  5
9a
330
1F
100
AcDbEntity
  8
main_beam
100
AcDbLine
 10
-50.9659234852567
 20
179.441951541968
 30
0.0
  11
-989.8205059763836
 21
-164.87196472545793
 31
0.0
  0
LINE
  5
9b
330
1F
100
AcDbEntity
  8
main_beam
100
AcDbLine
 10
0.4352738475725815
 20
174.98323378309294
 30
0.0
  11
499.97027058890836
 21
91.55312467344739
 31
0.0
  0
LINE
  5
9c
330
1F
100
AcDbEntity
  8
main_beam
100
AcDbLine
 10
499.97027058890836
 20
91.55312467344739
 30
0.0
  11
-488.58913721833557
 21
-59.27889194037124
 31
0.0
  0
LINE
  5
9d
330
1F
100
AcDbEntity
  8
main_beam
100
AcDbLine
 10
-49.3482189905922
 20
161.83660061290422
 30
0.0
  11
-993.9577690018423
 21
-166.35967911546723
 31
0.0
  0
LINE
  5
9e
330
1F
100
AcDbEntity
  8
main_beam
100
AcDbLine
 10
297.5919613569414
 20
306.1936667647621
 30
0.0
  11
1204.3087487433868
 21
727.9337140351197
 31
0.0
  0
LINE
  5
9f
330
1F
100
AcDbEntity
  8
main_beam
100
AcDbLine
 10
250.7600335725999
 20
290.4295979907039
 30
0.0
  11
-3.0580337616563646
 21
213.13819442560353
 31
0.0
  0
LINE
  5
a0
330
1F
100
AcDbEntity
  8
main_beam
100
AcDbLine
 10
-3.0580337616563646
 20
213.13819442560353
 30
0.0
  11
-52.97175920287576
 21
201.27130407897639
 31
0.0
  0
LINE
  5
a1
330
1F
100
AcDbEntity
  8
main_beam
100
AcDbLine
 10
-3.0580337616563646
 20
213.13819442560353
 30
0.0
  11
498.40820762922476
 21
161.78808855199583
 31
0.0
  0
LINE
  5
a2
330
1F
100
AcDbEntity
  8
main_beam
100
AcDbLine
 10
498.40820762922476
 20
161.78808855199583
 30
0.0
  11
593.2246559379346
 21
156.64689827227065
 31
0.0
  0
LINE
  5
a3
330
1F
100
AcDbEntity
  8
main_beam
100
AcDbLine
 10
498.40820762922476
 20
161.78808855199583
 30
0.0
  11
-480.6385342474001
 21
-41.84755965520176
 31
0.0
  0
LINE
  5
a4
330
1F
100
AcDbEntity
  8
main_beam
100
AcDbLine
 10
593.2246559379346
 20
156.64689827227065
 30
0.0
  11
1589.981221785684
 21
76.17113521654757
 31
0.0
  0
LINE
  5
a5
330
1F
100
AcDbEntity
  8
main_beam
100
AcDbLine
 10
-52.97175920287576
 20
201.27130407897639
 30
0.0
  11
-1008.8999766298166
 21
-92.32917808505445
 31
0.0
  0
LINE
  5
a6
330
1F
100
AcDbEntity
  8
main_beam
100
AcDbLine
 10
-52.12576574551991
 20
192.0644237435597
 30
0.0
  11
-1033.083360153748
 21
386.28645640932734
 31
0.0
  0
LINE
  5
a7
330
1F
100
AcDbEntity
  8
main_beam
100
AcDbLine
 10
-2.4476581919863625
 20
206.7905985303193
 30
0.0
  11
244.88519773253836
 21
304.753927894566
 31
0.0
  0
LINE
  5
a8
330
1F
100
AcDbEntity
  8
main_beam
100
AcDbLine
 10
244.88519773253836
 20
304.753927894566
 30
0.0
  11
291.03650576909416
 21
323.23406888913917
 31
0.0
  0
LINE
  5
a9
330
1F
100
AcDbEntity
  8
main_beam
100
AcDbLine
 10
291.03650576909416
 20
323.23406888913917
 30
0.0
  11
244.2723565624954
 21
306.24818906838516
 31
0.0
  0
LINE
  5
aa
330
1F
100
AcDbEntity
  8
main_beam
100
AcDbLine
 10
244.2723565624954
 20
306.24818906838516
 30
0.0
  11
-3.855096907731781
 21
221.25049771132672
 31
0.0
  0
LINE
  5
ab
330
1F
100
AcDbEntity
  8
main_beam
100
AcDbLine
 10
-3.855096907731781
 20
221.25049771132672
 30
0.0
  11
498.756782731386
 21
154.60930191365517
 31
0.0
  0
LINE
  5
ac
330
1F
100
AcDbEntity
  8
main_beam
100
AcDbLine
 10
498.756782731386
 20
154.60930191365517
 30
0.0
  11
-476.51080718349084
 21
-66.41813543661512
 31
0.0
  0
LINE
  5
ad
330
1F
100
AcDbEntity
  8
main_beam
100
AcDbLine
 10
-53.945446915920165
 20
211.86787096743006
 30
0.0
  11
-1036.7679349381128
 21
396.42126984663486
 31
0.0
  0
LINE
  5
ae
330
1F
100
AcDbEntity
  8
main_beam
100
AcDbLine
 10
593.4755803356371
 20
99.1396273666269
 30
0.0
  11
1579.4034214532098
 21
266.3110726234115
 31
0.0
  0
LINE
  5
af
330
1F
100
AcDbEntity
  8
main_beam
100
AcDbLine
 10
499.9639854998986
 20
109.2969620414086
 30
0.0
  11
-0.9381455403540961
 21
190.5395355867283
 31
0.0
  0
LINE
  5
b0
330
1F
100
AcDbEntity
  8
main_beam
100
AcDbLine
 10
-0.9381455403540961
 20
190.5395355867283
 30
0.0
  11
254.50672521818345
 21
281.2942198047458
 31
0.0
  0
LINE
  5
b1
330
1F
100
AcDbEntity
  8
main_beam
100
AcDbLine
 10
254.50672521818345
 20
281.2942198047458
 30
0.0
  11
300.6056965608487
 21
298.44756075168164
 31
0.0
  0
LINE
  5
b2
330
1F
100
AcDbEntity
  8
main_beam
100
AcDbLine
 10
300.6056965608487
 20
298.44756075168164
 30
0.0
  11
255.1041456745593
 21
279.83755821599334
 31
0.0
  0
LINE
  5
b3
330
1F
100
AcDbEntity
  8
main_beam
100
AcDbLine
 10
255.1041456745593
 20
279.83755821599334
 30
0.0
  11
0.3665932449945508
 21
175.7804157247047
 31
0.0
  0
LINE
  5
b4
330
1F
100
AcDbEntity
  8
main_beam
100
AcDbLine
 10
0.3665932449945508
 20
175.7804157247047
 30
0.0
  11
499.52992907123604
 21
66.41504410669461
 31
0.0
  0
LINE
  5
b5
330
1F
100
AcDbEntity
  8
main_beam
100
AcDbLine
 10
499.52992907123604
 20
66.41504410669461
 30
0.0
  11
-487.74400150587036
 21
-92.6138400710888
 31
0.0
  0
LINE
  5
b6
330
1F
100
AcDbEntity
  8
main_beam
100
AcDbLine
 10
593.3805835793816
 20
120.91114200276888
 30
0.0
  11
1577.6071760683926
 21
297.82359107707924
 31
0.0
  0
LWPOLYLINE
  5
b8
330
1F
100
AcDbEntity
  8
main_beam_width
100
AcDbPolyline
 90
19
 70
0
43
0.0
 10
-0.1562833599002373
 20
0.8863269777109871
 10
27.637091554817903
 20
5.792188670728079
 10
55.42873756117398
 20
10.70785549030671
 10
83.21873710351598
 20
15.632859871315006
 10
111.00721389186653
 20
20.566500219350775
 10
138.79431700662263
 20
25.507931057468664
 10
166.58020539521345
 20
30.456250950003803
 10
194.3650355372117
 20
35.410572457200104
 10
222.1489532664138
 20
40.37006851449906
 10
249.93208940857866
 20
45.33399717215258
 10
277.7145582800441
 20
50.30171010999264
 10
305.4964580212596
 20
55.27265074587207
 10
333.27787193389275
 20
60.24634665255847
 10
361.058870248723
 20
65.22239953150842
 10
388.83951197542535
 20
70.20047472222518
 10
416.6198466462191
 20
75.1802913135342
 10
444.39991586816836
 20
80.16161334004886
 10
472.1797546587688
 20
85.14424220768267
 10
499.9593925711035
 20
90.12801031257271
  0
LWPOLYLINE
  5
b9
330
1F
100
AcDbEntity
  8
main_beam_width
100
AcDbPolyline
 90
19
 70
0
43
0.0
 10
0.1562833599002373
 20
-0.8863269777109871
 10
27.91180521464686
 20
4.00259517613931
 10
55.66905114777208
 20
8.881739595625465
 10
83.42793916534393
 20
13.751571291443259
 10
111.18834619887332
 20
18.61278821967719
 10
138.95012388472188
 20
23.46623179233256
 10
166.71311396922897
 20
28.312799510517607
 10
194.4771605815946
 20
33.153375361466615
 10
222.24211838573717
 20
37.98878358705668
 10
250.00785694214983
 20
42.819763946491825
 10
277.77426222277177
 20
47.64696312504033
 10
305.541236295948
 20
52.470936520716684
 10
333.30869600761383
 20
57.29215572365597
 10
361.0765712291262
 20
62.11101845315659
 10
388.8448030199916
 20
66.92785897736793
 10
416.6133418937092
 20
71.7429579481823
 10
444.3821462724555
 20
76.5565511651549
 10
472.15118115653485
 20
81.36883712142222
 10
499.92041700280845
 20
86.17998336445125
  0
LWPOLYLINE
  5
ba
330
1F
100
AcDbEntity
  8
main_beam_width
100
AcDbPolyline
 90
10
 70
0
43
0.0
 10
499.95938959815874
 20
90.12764895200053
 10
510.349028767177
 20
91.37513633597617
 10
520.738660726798
 20
92.62268509776743
 10
531.1282857633297
 20
93.87029279986437
 10
541.5179041486994
 20
95.11795712719262
 10
551.9075161413066
 20
96.36567587984608
 10
562.2971219868197
 20
97.61344696630586
 10
572.6867219189195
 20
98.86126839710997
 10
583.0763161599938
 20
100.10913827894156
 10
593.4659049217861
 20
101.35705480910515
  0
LWPOLYLINE
  5
bb
330
1F
100
AcDbEntity
  8
main_beam_width
100
AcDbPolyline
 90
10
 70
0
43
0.0
 10
499.9204128298892
 20
86.17962105625469
 10
510.31647944547245
 20
87.37361152540787
 10
520.7125532846816
 20
88.56754049561023
 10
531.1086340604883
 20
89.76141041050128
 10
541.5047215002886
 20
90.95522359091902
 10
551.900815345046
 20
92.14898224219165
 10
562.2969153484927
 20
93.34268846094163
 10
572.6930212763833
 20
94.536344241437
 10
583.0891329057981
 20
95.72995148152297
 10
593.4852500244925
 20
96.92351198816364
  0
LWPOLYLINE
  5
bc
330
1F
100
AcDbEntity
  8
main_beam_width
100
AcDbPolyline
 90
10
 70
0
43
0.0
 10
593.4852500244925
 20
96.92351198816364
 10
583.0958571325433
 20
98.02448504440761
 10
572.7064595397444
 20
99.1254148231601
 10
562.317057415355
 20
100.2263028826759
 10
551.9276509208462
 20
101.32715070950697
 10
541.5382402103288
 20
102.42795972244845
 10
531.1488254309561
 20
103.52873127623612
 10
520.7594067232992
 20
104.62946666501269
 10
510.36998422170075
 20
105.73016712557896
 10
499.9805580546064
 20
106.8308338404446
  0
LWPOLYLINE
  5
bd
330
1F
100
AcDbEntity
  8
main_beam_width
100
AcDbPolyline
 90
10
 70
0
43
0.0
 10
593.4659049217861
 20
101.35705480910516
 10
583.0743786059891
 20
102.51335206312697
 10
572.6828569899324
 20
103.66969258442495
 10
562.2913399043542
 20
104.82607481472355
 10
551.8998271877839
 20
105.98249726747173
 10
541.5083186861121
 20
107.13895852389436
 10
531.1168142521905
 20
108.2954572292926
 10
520.7253137454529
 20
109.45199208957546
 10
510.3338170315641
 20
110.60856186800693
 10
499.9423239820865
 20
111.7651653821535
  0
LWPOLYLINE
  5
be
330
1F
100
AcDbEntity
  8
main_beam_width
100
AcDbPolyline
 90
20
 70
0
43
0.0
 10
499.94231842090454
 20
111.76573255963304
 10
504.85941335033266
 20
112.41086128213699
 10
509.7765074070205
 20
113.05599702437296
 10
514.6936006253733
 20
113.70113950960902
 10
519.6106930380174
 20
114.34628847541865
 10
524.5277846759143
 20
114.99144367277121
 10
529.4448755684641
 20
115.63660486519106
 10
534.3619657436029
 20
116.28177182797872
 10
539.2790552278925
 20
116.92694434748923
 10
544.1961440466036
 20
117.5721222204628
 10
549.1132322237929
 20
118.21730525340328
 10
554.0303197823752
 20
118.86249326200065
 10
558.9474067441895
 20
119.5076860705939
 10
563.8644931300623
 20
120.152883511671
 10
568.7815789598645
 20
120.79808542540314
 10
573.6986642525661
 20
121.44329165921039
 10
578.6157490262857
 20
122.08850206735649
 10
583.5328332983383
 20
122.7337165105704
 10
588.4499170852797
 20
123.37893485569262
 10
593.3670004029461
 20
124.02415697534448
  0
LWPOLYLINE
  5
bf
330
1F
100
AcDbEntity
  8
main_beam_width
100
AcDbPolyline
 90
20
 70
0
43
0.0
 10
499.98055455755144
 20
106.83144814453541
 10
504.89705288918896
 20
107.40895963794225
 10
509.81355209455336
 20
107.98646410368163
 10
514.730052139209
 20
108.56396181873116
 10
519.6465529904998
 20
109.14145304575398
 10
524.5630546174361
 20
109.71893803400853
 10
529.4795569905906
 20
110.29641702018989
 10
534.3960600820008
 20
110.87389022920885
 10
539.3125638650795
 20
111.45135787491382
 10
544.229068314532
 20
112.02882016076067
 10
549.1455734062778
 20
112.60627728043437
 10
554.0620791173798
 20
113.18372941842692
 10
558.9785854259767
 20
113.76117675057468
 10
563.8950923112213
 20
114.33861944455867
 10
568.8115997532225
 20
114.91605766037064
 10
573.7281077329908
 20
115.49349155074756
 10
578.6446162323884
 20
116.07092126157717
 10
583.5611252340823
 20
116.64834693227661
 10
588.4776347214996
 20
117.22576869614628
 10
593.3941446787867
 20
117.80318668070086
  0
LWPOLYLINE
  5
c0
330
1F
100
AcDbEntity
  8
main_beam_width
100
AcDbPolyline
 90
10
 70
0
43
0.0
 10
499.92040997746693
 20
86.17937340392491
 10
444.3319064712055
 20
97.13160400247814
 10
388.7425979028627
 20
108.0797430004225
 10
333.15247136558105
 20
119.02372480069832
 10
277.5615191818129
 20
129.96351038338435
 10
221.96973915547957
 20
140.89908858725838
 10
166.37713464505498
 20
151.83047648123272
 10
110.78371445197122
 20
162.75771879719218
 10
55.18949253288136
 20
173.68088646761794
 10
-0.405512442699707
 20
184.60007437736445
  0
LWPOLYLINE
  5
c1
330
1F
100
AcDbEntity
  8
main_beam_width
100
AcDbPolyline
 90
10
 70
0
43
0.0
 10
499.95938762259215
 20
90.12740882978308
 10
444.3195389208547
 20
101.06047819174783
 10
388.6804968169779
 20
111.99764695967572
 10
333.0422741787095
 20
122.93898053185859
 10
277.4048786224254
 20
133.88451761732168
 10
221.76831226249578
 20
144.83426896201695
 10
166.13257164080002
 20
155.78821699059316
 10
110.4976478418021
 20
166.74631639124982
 10
54.86352678437279
 20
177.70849559887603
 10
-0.7698103314898175
 20
188.67465906543856
  0
LWPOLYLINE
  5
c2
330
1F
100
AcDbEntity
  8
main_beam_width
100
AcDbPolyline
 90
10
 70
0
43
0.0
 10
-0.4054899062177976
 20
184.59982064040003
 10
-6.131332484923216
 20
185.2024149005358
 10
-11.857176960244095
 20
185.8049911503626
 10
-17.583023331063256
 20
186.40754940048924
 10
-23.308871596213162
 20
187.01008966200249
 10
-29.0347217544761
 20
187.6126119464659
 10
-34.76057380458435
 20
188.21511626591794
 10
-40.48642774522029
 20
188.81760263287043
 10
-46.21228357501668
 20
189.420071060307
 10
-51.93814129255675
 20
190.0225215616812
  0
LWPOLYLINE
  5
c3
330
1F
100
AcDbEntity
  8
main_beam_width
100
AcDbPolyline
 90
10
 70
0
43
0.0
 10
-0.7697874185497524
 20
188.67440446714116
 10
-6.496862737949026
 20
189.27788766690793
 10
-12.223936160014134
 20
189.88138888380854
 10
-17.95100768586996
 20
190.48490810716103
 10
-23.67807731669176
 20
191.08844532580525
 10
-29.405145053704985
 20
191.69200052810413
 10
-35.13221089818516
 20
192.2955737019454
 10
-40.85927485145765
 20
192.89916483474326
 10
-46.58633691489753
 20
193.5027739134399
 10
-52.31339708992941
 20
194.10640092450734
  0
LWPOLYLINE
  5
c4
330
1F
100
AcDbEntity
  8
main_beam_width
100
AcDbPolyline
 90
10
 70
0
43
0.0
 10
-52.31339708992941
 20
194.1064009245073
 10
-46.79445131068368
 20
195.74295683402008
 10
-41.27551064391861
 20
197.37952999026305
 10
-35.75657508537343
 20
199.01612037886278
 10
-30.237644630655378
 20
200.65272798500047
 10
-24.71871927524028
 20
202.28935279341394
 10
-19.199799014473136
 20
203.92599478839983
 10
-13.680883843568747
 20
205.56265395381544
 10
-8.161973757612344
 20
207.19933027308105
 10
-2.643068751560222
 20
208.83602372918187
  0
LWPOLYLINE
  5
c5
330
1F
100
AcDbEntity
  8
main_beam_width
100
AcDbPolyline
 90
10
 70
0
43
0.0
 10
-51.93814129255675
 20
190.0225215616812
 10
-46.417638829109016
 20
191.65841252442834
 10
-40.897131250283394
 20
193.29428623067153
 10
-35.37661856032517
 20
194.93014269473204
 10
-29.85610076361181
 20
196.5659819313772
 10
-24.33557786465242
 20
198.20180395581815
 10
-18.815049868087108
 20
199.83760878370816
 10
-13.294516778686399
 20
201.47339643114034
 10
-7.773978601350609
 20
203.1091669146457
 10
-2.253435341109153
 20
204.7449202511908
  0
LWPOLYLINE
  5
c6
330
1F
100
AcDbEntity
  8
main_beam_width
100
AcDbPolyline
 90
10
 70
0
43
0.0
 10
-2.253413150649379
 20
204.74468579567886
 10
-7.976640733120991
 20
205.31503377407722
 10
-13.699870079436524
 20
205.8853638621491
 10
-19.423101205574607
 20
206.45567589782632
 10
-25.146334127658562
 20
207.02596971757322
 10
-30.869568861957102
 20
207.5962451563794
 10
-36.59280542488503
 20
208.16650204775266
 10
-42.31604383300392
 20
208.73674022371222
 10
-48.03928410302273
 20
209.3069595147822
 10
-53.7625262517985
 20
209.87715974998525
  0
LWPOLYLINE
  5
c7
330
1F
100
AcDbEntity
  8
main_beam_width
100
AcDbPolyline
 90
10
 70
0
43
0.0
 10
-2.643046182494904
 20
208.83578822165538
 10
-8.363636648344771
 20
209.3937162228415
 10
-14.08422535053672
 20
209.95166211246752
 10
-19.804812273104503
 20
210.50962605247602
 10
-25.52539739993747
 20
211.06760820627412
 10
-31.245980714779876
 20
211.62560873874074
 10
-36.96656220123018
 20
212.18362781623352
 10
-42.68714184274038
 20
212.74166560659566
 10
-48.40771962261538
 20
213.29972227916224
 10
-54.128295524012366
 20
213.85779800476672
  0
LWPOLYLINE
  5
c8
330
1F
100
AcDbEntity
  8
main_beam_width
100
AcDbPolyline
 90
10
 70
0
43
0.0
 10
-0.7698414473930836
 20
188.67500481104662
 10
27.294956089949377
 20
199.69555780698582
 10
55.3593758397376
 20
210.7170773121332
 10
83.42344369814354
 20
221.73949707526285
 10
111.48718369960676
 20
232.76275560809404
 10
139.55061812208587
 20
243.7867959160226
 10
167.61376759551237
 20
254.8115652206588
 10
195.67665121052607
 20
265.8370146816452
 10
223.73928662532606
 20
276.86309912329557
 10
251.80169016908633
 20
287.8897767700227
  0
LWPOLYLINE
  5
c9
330
1F
100
AcDbEntity
  8
main_beam_width
100
AcDbPolyline
 90
10
 70
0
43
0.0
 10
-0.40554334045239354
 20
184.60042225305975
 10
27.82036275427409
 20
195.58250135211142
 10
56.0466509622671
 20
206.56360287530975
 10
84.27329497463387
 20
217.54379412976124
 10
112.500270381047
 20
228.5231375653957
 10
140.7275545622408
 20
239.50169104999682
 10
168.95512657913125
 20
250.479508152872
 10
197.18296706159316
 20
261.45663842939734
 10
225.4110580991427
 20
272.43312770068917
 10
253.63938313513447
 20
283.40901832428455
  0
LWPOLYLINE
  5
ca
330
1F
100
AcDbEntity
  8
main_beam_width
100
AcDbPolyline
 90
10
 70
0
43
0.0
 10
251.80167584064782
 20
287.8898117063658
 10
256.8920043332182
 20
289.9170770455288
 10
261.9823294073555
 20
291.9443509991296
 10
267.07265109156054
 20
293.97163349534577
 10
272.1629694140563
 20
295.9989244630557
 10
277.25328440279054
 20
298.02622383183115
 10
282.34359608543866
 20
300.05353153193033
 10
287.43390448940625
 20
302.08084749429105
 10
292.52420964183204
 20
304.10817165052396
 10
297.6145115695905
 20
306.13550393290546
  0
LWPOLYLINE
  5
cb
330
1F
100
AcDbEntity
  8
main_beam_width
100
AcDbPolyline
 90
10
 70
0
43
0.0
 10
253.63936880512833
 20
283.40905326445005
 10
258.7252855400865
 20
285.42000034459755
 10
263.8112056806262
 20
287.430938842693
 10
268.89712919840645
 20
289.4418688301563
 10
273.9830560653618
 20
291.4527903777121
 10
279.0689862536999
 20
293.4637035553965
 10
284.15491973589917
 20
295.4746084325643
 10
289.2408564847054
 20
297.4855050778958
 10
294.32679647312943
 20
299.49639355940343
 10
299.41273967444454
 20
301.50727394443874
  0
LWPOLYLINE
  5
cc
330
1F
100
AcDbEntity
  8
main_beam_width
100
AcDbPolyline
 90
10
 70
0
43
0.0
 10
299.41273383236654
 20
301.50728894908025
 10
294.30510503425603
 20
299.5492845764108
 10
289.1974792546096
 20
297.59127226646376
 10
284.08985644104496
 20
295.6332521569827
 10
278.98223654235585
 20
293.6752243826182
 10
273.8746195084801
 20
291.71718907501196
 10
268.76700529046917
 20
289.7591463628787
 10
263.6593938404573
 20
287.8010963720844
 10
258.55178511163325
 20
285.84303922572315
 10
253.44417905821143
 20
283.8849750441912
  0
LWPOLYLINE
  5
cd
330
1F
100
AcDbEntity
  8
main_beam_width
100
AcDbPolyline
 90
10
 70
0
43
0.0
 10
297.61450824418085
 20
306.13551250977247
 10
292.486171611264
 20
304.2009172162873
 10
287.3578319481462
 20
302.26632989094236
 10
282.22948930751625
 20
300.33175039518886
 10
277.10114374087726
 20
298.3971785935952
 10
271.97279529857946
 20
296.46261435376164
 10
266.8444440298513
 20
294.52805754623853
 10
261.71608998282966
 20
292.5935080444462
 10
256.58773320458926
 20
290.65896572459803
 10
251.45937374117122
 20
288.72443046562574
  0
LWPOLYLINE
  5
ce
330
1F
100
AcDbEntity
  8
main_beam_width
100
AcDbPolyline
 90
10
 70
0
43
0.0
 10
251.45937374117122
 20
288.72443046562574
 10
256.47487708575534
 20
290.9503945955238
 10
261.4903774789192
 20
293.17636542392745
 10
266.5058749697181
 20
295.40234283950076
 10
271.52136960614985
 20
297.62832673330917
 10
276.53686143518166
 20
299.8543169987562
 10
281.55235050277764
 20
302.0803135315224
 10
286.5678368539244
 20
304.3063162295066
 10
291.5833205326566
 20
306.53232499276834
 10
296.5988015820816
 20
308.758339723472
  0
LWPOLYLINE
  5
cf
330
1F
100
AcDbEntity
  8
main_beam_width
100
AcDbPolyline
 90
10
 70
0
43
0.0
 10
253.44417905821143
 20
283.88497504419115
 10
258.46002098388425
 20
286.078946842673
 10
263.4758658487775
 20
288.27291197033827
 10
268.49171360414266
 20
290.4668705378259
 10
273.50756420228015
 20
292.660822653394
 10
278.5234175965124
 20
294.8547684229817
 10
283.53927374115653
 20
297.04870795026983
 10
288.55513259149933
 20
299.24264133673944
 10
293.57099410377145
 20
301.43656868172843
 10
298.5868582351239
 20
303.63049008248674
  0
LWPOLYLINE
  5
d0
330
1F
100
AcDbEntity
  8
main_beam_width
100
AcDbPolyline
 90
10
 70
0
43
0.0
 10
298.5868201539622
 20
303.6305880776172
 10
293.397668192721
 20
301.859191343305
 10
288.2085182259839
 20
300.08778868371604
 10
283.01937020405114
 20
298.3163802464981
 10
277.83022407884863
 20
296.54496617447023
 10
272.64107980386194
 20
294.77354660581733
 10
267.45193733407433
 20
293.0021216742753
 10
262.26279662590736
 20
291.23069150930706
 10
257.0736576371643
 20
289.459256236271
 10
251.88452032697595
 20
287.6878159765809
  0
LWPOLYLINE
  5
d1
330
1F
100
AcDbEntity
  8
main_beam_width
100
AcDbPolyline
 90
10
 70
0
43
0.0
 10
296.5987690678296
 20
308.7584237842837
 10
291.38057180404127
 20
307.0266758520694
 10
286.1623725373457
 20
305.29493387009614
 10
280.9441713177656
 20
303.563197689756
 10
275.72596819368437
 20
301.83146716731187
 10
270.5077632119117
 20
300.09974216370114
 10
265.289556417747
 20
298.36802254434866
 10
260.0713478550389
 20
296.6363081789884
 10
254.85313756624285
 20
294.90459894149353
 10
249.63492559247567
 20
293.1728947097146
  0
LWPOLYLINE
  5
d2
330
1F
100
AcDbEntity
  8
main_beam_width
100
AcDbPolyline
 90
10
 70
0
43
0.0
 10
253.63938313513452
 20
283.40901832428455
 10
225.51330003752713
 20
271.26469476801867
 10
197.38744370189764
 20
259.1198434228242
 10
169.26179946848657
 20
246.97449840931895
 10
141.13635379054506
 20
234.82869125758626
 10
113.01109414451024
 20
222.6824511162422
 10
84.88600894685369
 20
210.53580494597068
 10
56.76108747735339
 20
198.3887776981088
 10
28.636319808473115
 20
186.24139247901545
 10
0.5116967404964479
 20
174.09367070104807
  0
LWPOLYLINE
  5
d3
330
1F
100
AcDbEntity
  8
main_beam_width
100
AcDbPolyline
 90
10
 70
0
43
0.0
 10
251.80169016908633
 20
287.88977677002276
 10
223.82205614084143
 20
275.92813928968945
 10
195.84219826015098
 20
263.96702282634266
 10
167.8621309064188
 20
252.00639391189296
 10
139.88186737432116
 20
240.04622160295656
 10
111.9014199607693
 20
228.0864772784494
 10
83.92080004545977
 20
216.12713445210653
 10
55.94001816524846
 20
204.16816859937597
 10
27.959084082648133
 20
192.20955699799114
 10
-0.021993151214316775
 20
180.25127858143722
  0
LWPOLYLINE
  5
d4
330
1F
100
AcDbEntity
  8
main_beam_width
100
AcDbPolyline
 90
10
 70
0
43
0.0
 10
0.5115740875109278
 20
174.09510051778352
 10
-4.993910026111668
 20
172.35761289871664
 10
-10.499392541079544
 20
170.6201201963187
 10
-16.004873466551178
 20
168.88262243971138
 10
-21.5103528116235
 20
167.14511965782071
 10
-27.015830585332317
 20
165.40761187937838
 10
-32.52130679665276
 20
163.67009913292304
 10
-38.026781454499655
 20
161.93258144680175
 10
-43.532254567728025
 20
160.19505884917123
 10
-49.037726145133426
 20
158.45753136799925
  0
LWPOLYLINE
  5
d5
330
1F
100
AcDbEntity
  8
main_beam_width
100
AcDbPolyline
 90
10
 70
0
43
0.0
 10
-0.02211776276206845
 20
180.2527017133237
 10
-5.532145197476466
 20
178.5259254740785
 10
-11.042174233597036
 20
176.7991543269133
 10
-16.55220486194564
 20
175.07238824264397
 10
-22.06223707340585
 20
173.34562719228236
 10
-27.572270858922494
 20
171.6188711470353
 10
-33.082306209501255
 20
169.89212007830304
 10
-38.59234311620819
 20
168.1653739576779
 10
-44.10238157016938
 20
166.4386327569429
 10
-49.61242156257048
 20
164.7118964480706
  0
LWPOLYLINE
  5
d6
330
1F
100
AcDbEntity
  8
main_beam_width
100
AcDbPolyline
 90
24
 70
0
43
0.0
 10
-0.021913856516898346
 20
180.25037298923533
 10
21.694093695955303
 20
175.1843023602705
 10
43.410140259100025
 20
170.11839620165335
 10
65.1262227905948
 20
165.05264168684684
 10
86.84233855154454
 20
159.9870272685744
 10
108.5584850701624
 20
154.92154252569696
 10
130.27466011046235
 20
149.85617803121977
 10
151.99086164518806
 20
144.79092523816018
 10
173.70708783233496
 20
139.72577638056276
 10
195.4233369947286
 20
134.6607243874021
 10
217.13960760221204
 20
129.59576280748337
 10
238.85589825606618
 20
124.53088574375856
 10
260.57220767534756
 20
119.46608779572523
 10
282.2885346848764
 20
114.40136400878536
 10
304.0048782046509
 20
109.3367098296129
 10
325.72123724049385
 20
104.27212106672351
 10
347.4376108757723
 20
99.20759385555976
 10
369.153998264047
 20
94.14312462750543
 10
390.8703986225369
 20
89.07871008232767
 10
412.58681122629287
 20
84.01434716361621
 10
434.30323540299565
 20
78.95003303684959
 10
456.0196705283004
 20
73.8857650697689
 10
477.7361160216639
 20
68.82154081478278
 10
499.45257134259555
 20
63.75735799316492
  0
LWPOLYLINE
  5
d7
330
1F
100
AcDbEntity
  8
main_beam_width
100
AcDbPolyline
 90
24
 70
0
43
0.0
 10
0.5117732680647197
 20
174.09277858394844
 10
22.190331427543438
 20
168.8660870699178
 10
43.86885085205636
 20
163.63923224792862
 10
65.54733455617922
 20
158.41222682753664
 10
87.22578525441041
 20
153.18508225316128
 10
108.90420539702416
 20
147.9578088552436
 10
130.58259720098454
 20
142.73041598058094
 10
152.26096267668322
 20
137.5029121050543
 10
173.93930365113454
 20
132.27530493141947
 10
195.61762178815565
 20
127.04760147438718
 10
217.29591860597284
 20
121.81980813485227
 10
238.97419549262437
 20
116.5919307648321
 10
260.65245371947066
 20
111.36397472442597
 10
282.33069445307444
 20
106.13594493190334
 10
304.00891876567414
 20
100.90784590785775
 10
325.68712764443717
 20
95.67968181422229
 10
347.3653219996568
 20
90.45145648882396
 10
369.0435026720262
 20
85.22317347605505
 10
390.7216704391104
 20
79.9948360541565
 10
412.3998260211147
 20
74.76644725953837
 10
434.0779700860368
 20
69.53800990850259
 10
455.7561032542784
 20
64.30952661668385
 10
477.4342261027793
 20
59.08099981648083
 10
499.11233916873186
 20
53.85243177271458
  0
LWPOLYLINE
  5
d8
330
1F
100
AcDbEntity
  8
main_beam_width
100
AcDbPolyline
 90
10
 70
0
43
0.0
 10
499.4525855228724
 20
63.75782729338214
 10
509.9244334369774
 20
61.993698885249024
 10
520.3962820502902
 20
60.22957453114931
 10
530.8681313455626
 20
58.46545413107689
 10
541.3399813061072
 20
56.7013375882789
 10
551.8118319157758
 20
54.93722480912487
 10
562.2836831589362
 20
53.17311570298212
 10
572.755535020454
 20
51.40901018209707
 10
583.2273874856708
 20
49.64490816148211
 10
593.699240540387
 20
47.88080955880777
  0
LWPOLYLINE
  5
d9
330
1F
100
AcDbEntity
  8
main_beam_width
100
AcDbPolyline
 90
10
 70
0
43
0.0
 10
499.11235730667744
 20
53.852903076977846
 10
509.62721553059333
 20
51.99717970691574
 10
520.1420730499909
 20
50.14145225202955
 10
530.6569298823239
 20
48.28572081351693
 10
541.1717860444758
 20
46.42998548926948
 10
551.6866415527833
 20
44.57424637400629
 10
562.201496423057
 20
42.71850355940113
 10
572.7163506706045
 20
40.86275713420347
 10
583.2312043102474
 20
39.00700718435388
 10
593.7460573563432
 20
37.151253793094014
  0
LWPOLYLINE
  5
da
330
1F
100
AcDbEntity
  8
main_beam_width
100
AcDbPolyline
 90
66
 70
0
43
0.0
 10
499.1124977553164
 20
53.856552718656765
 10
483.9385974941487
 20
51.411786367398264
 10
468.76470050876196
 20
48.967000247813516
 10
453.59080694447084
 20
46.522193482972654
 10
438.4169169552658
 20
44.07736514359117
 10
423.24303070446626
 20
41.6325142440867
 10
408.06914836543376
 20
39.187639738276
 10
392.89527012235095
 20
36.74274051467386
 10
377.7213961710737
 20
34.297815391350234
 10
362.5475267200647
 20
31.852863110296976
 10
347.3736619914174
 20
29.40788233124907
 10
332.1998022219804
 20
26.96287162489814
 10
317.0259476645945
 20
24.517829465427944
 10
301.8520985894553
 20
22.072754222292165
 10
286.6782552856159
 20
19.62764415114382
 10
271.50441806264797
 20
17.182497383813555
 10
256.33058725247935
 20
14.737311917219186
 10
241.15676321143138
 20
12.292085601072596
 10
225.98294632248002
 20
9.846816124230426
 10
210.8091369977725
 20
7.401500999512707
 10
195.6353356814296
 20
4.956137546786906
 10
180.46154285267534
 20
2.5107228740847907
 10
165.28775902933617
 20
0.06525385648246951
 10
150.11398477176363
 20
-2.38027288756712
 10
134.94022068723743
 20
-4.825861022811074
 10
119.76646743492209
 20
-7.271514527102452
 10
104.59272573145468
 20
-9.717237725125324
 10
89.41899635726148
 20
-12.163035326511487
 10
74.24528016371318
 20
-14.608912469020074
 10
59.0715780812498
 20
-17.054874767568784
 10
43.89789112862908
 20
-19.500928370046715
 10
28.72422042348144
 20
-21.947080021007746
 10
13.550567194385854
 20
-24.393337134547235
 10
-1.6230672052749417
 20
-26.83970787791129
 10
-16.79668128137568
 20
-29.286201267686025
 10
-31.9702733806575
 20
-31.732827280776878
 10
-47.143841669448186
 20
-34.17959698283017
 10
-62.31738410896182
 20
-36.626522677288996
 10
-77.49089842654111
 20
-39.07361807893872
 10
-92.66438208206773
 20
-41.520898516609755
 10
-107.83783222860066
 20
-43.968381170710686
 10
-123.01124566609877
 20
-46.4160853525016
 10
-138.1846187868271
 20
-48.864032833551256
 10
-153.35794751073217
 20
-51.312248235720354
 10
-168.53122720868618
 20
-53.760759494367036
 10
-183.7044526110081
 20
-56.20959841038849
 10
-198.87761769807977
 20
-58.6588013103225
 10
-214.05071556913126
 20
-61.108409838184805
 10
-229.22373828436926
 20
-63.5584719081765
 10
-244.3966766745217
 20
-66.00904285402262
 10
-259.5695201105601
 20
-68.46018681862803
 10
-274.7422562248274
 20
-70.91197843698608
 10
-289.9148705730794
 20
-73.36450487565016
 10
-305.08734622515266
 20
-75.8178683029281
 10
-320.2596632703403
 20
-78.2721888737888
 10
-335.43179822259293
 20
-80.72760831928913
 10
-350.6037233112866
 20
-83.18429422657012
 10
-365.77540564712643
 20
-85.64244507237248
 10
-380.946806262486
 20
-88.10229601428627
 10
-396.1178790453721
 20
-90.56412532395652
 10
-411.2885696223947
 20
-93.02826112800162
 10
-426.45881430651735
 20
-95.49508775802363
 10
-441.628539317505
 20
-97.96505045495918
 10
-456.79766060853575
 20
-100.4386564154297
 10
-471.9660847750047
 20
-102.91646930738546
 10
-487.1337116283668
 20
-105.3990937377603
  0
LWPOLYLINE
  5
db
330
1F
100
AcDbEntity
  8
main_beam_width
100
AcDbPolyline
 90
66
 70
0
43
0.0
 10
499.4526954815698
 20
63.76146661361347
 10
484.27162290469755
 20
61.17601524797365
 10
469.09054705689596
 20
58.59058362138287
 10
453.9094677930363
 20
56.00517260964764
 10
438.72838495932353
 20
53.419783140873676
 10
423.5472983926433
 20
50.83441619940605
 10
408.36620791984933
 20
48.24907283012867
 10
393.18511335698514
 20
45.66375414316194
 10
378.00401450843253
 20
43.078461319001754
 10
362.82291116597855
 20
40.493195614148746
 10
347.64180310779244
 20
37.90795836728285
 10
332.46069009730195
 20
35.32275100604533
 10
317.27957188195677
 20
32.73757505449856
 10
302.09844819186725
 20
30.152432141343375
 10
286.9173187383021
 20
27.56732400898446
 10
271.7361832120283
 20
24.982252523546737
 10
256.5550412814747
 20
22.397219685960263
 10
241.3738925906956
 20
19.812227644247685
 10
226.19273675710983
 20
17.227278707167628
 10
211.01157336898635
 20
14.642375359390295
 10
195.83040198264183
 20
12.057520278407459
 10
180.64922211931255
 20
9.472716353409961
 10
165.46803326165582
 20
6.887966706402147
 10
150.2868348498283
 20
4.3032747158644264
 10
135.1056262770834
 20
1.7186440433258412
 10
119.92440688481571
 20
-0.865921336733265
 10
104.7431759569729
 20
-3.450417103158021
 10
89.5619327137393
 20
-6.034838550002086
 10
74.38067630438039
 20
-8.619180543345262
 10
59.19940579911687
 20
-11.20343747225587
 10
44.018120179873776
 20
-13.78760319296668
 10
28.836818329723457
 20
-16.371670965164302
 10
13.655499020805095
 20
-18.955633379087026
 10
-1.525839099536408
 20
-21.53948227187946
 10
-16.707197524697627
 20
-24.123208631353503
 10
-31.888577907218774
 20
-26.706802484941075
 10
-47.06998208007818
 20
-29.2902527711814
 10
-62.25141208141394
 20
-31.873547190543402
 10
-77.4328701833068
 20
-34.45667203171902
 10
-92.61435892540648
 20
-37.039611968707085
 10
-107.7958811543388
 20
-39.6223498229995
 10
-122.97744007004496
 20
-42.20486628393864
 10
-138.15903928045637
 20
-44.78713957877417
 10
-153.34068286622326
 20
-47.3691450820409
 10
-168.52237545761162
 20
-49.95085485151182
 10
-183.70412232616573
 20
-52.53223707504733
 10
-198.88592949433414
 20
-55.11325540902849
 10
-214.06780386700618
 20
-57.693868184580694
 10
-229.24975338980923
 20
-60.2740274522942
 10
-244.43178724013183
 20
-62.85367782946617
 10
-259.61391605815464
 20
-65.43275510588923
 10
-274.7961522267318
 20
-68.01118455486207
 10
-289.9785102106952
 20
-70.58887888559212
 10
-305.1610069679862
 20
-73.16573576213761
 10
-320.34366244668524
 20
-75.74163480399277
 10
-335.5265001830107
 20
-78.31643397734497
 10
-350.70954801478837
 20
-80.88996528951404
 10
-365.8928389210957
 20
-83.46202972194908
 10
-381.07641198907095
 20
-86.03239139583899
 10
-396.26031348891877
 20
-88.60077108478463
 10
-411.4445980017232
 20
-91.16683940879817
 10
-426.6293294837819
 20
-93.73021041136839
 10
-441.81458205804637
 20
-96.29043678336966
 10
-457.00044019610067
 20
-98.84700876487484
 10
-472.18699780935225
 20
-101.39935962953645
 10
-487.37435565912625
 20
-103.94688131386765
  0
LWPOLYLINE
  5
dc
330
1F
100
AcDbEntity
  8
main_beam_width
100
AcDbPolyline
 90
100
 70
0
43
0.0
 10
593.6992595160157
 20
47.876460692673916
 10
603.5112386785916
 20
45.41978661635956
 10
613.3232194817407
 20
42.96311893611504
 10
623.135201872004
 20
40.506457443519714
 10
632.947185798214
 20
38.049801939089605
 10
642.7591712113751
 20
35.59315223180458
 10
652.5711580645482
 20
33.13650813866522
 10
662.3831463127451
 20
30.679869484277187
 10
672.1951359128283
 20
28.223236100461033
 10
682.007126823417
 20
25.766607825885846
 10
691.8191190047985
 20
23.309984505724852
 10
701.6311124188454
 20
20.853365991331607
 10
711.4431070289377
 20
18.39675213993526
 10
721.255102799888
 20
15.940142814353706
 10
731.0670996978741
 20
13.483537882723276
 10
740.8790976903721
 20
11.026937218243944
 10
750.6910967460951
 20
8.570340698939068
 10
760.5030968349358
 20
6.113748207428604
 10
770.3150979279105
 20
3.6571596307150083
 10
780.1270999971078
 20
1.2005748599809296
 10
789.9391030156396
 20
-1.2560062096019786
 10
799.7511069575946
 20
-3.7125836790538322
 10
809.5631117979942
 20
-6.169157645757657
 10
819.3751175127514
 20
-8.625728203621334
 10
829.1871240786313
 20
-11.082295443230972
 10
838.9991314732132
 20
-13.53885945199626
 10
848.8111396748563
 20
-15.995420314288328
 10
858.6231486626656
 20
-18.45197811157033
 10
868.43515841646
 20
-20.908532922521623
 10
878.2471689167423
 20
-23.365084823155343
 10
888.0591801446707
 20
-25.821633886930346
 10
897.8711920820311
 20
-28.278180184857366
 10
907.6832047112115
 20
-30.734723785600064
 10
917.495218015177
 20
-33.191264755571076
 10
927.3072319774471
 20
-35.647803159023354
 10
937.1192465820728
 20
-38.10433905813712
 10
946.9312618136154
 20
-40.56087251310275
 10
956.7432776571266
 20
-43.01740358219948
 10
966.5552940981283
 20
-45.473932321870734
 10
976.3673111225961
 20
-47.93045878679567
 10
986.1793287169395
 20
-50.38698302995745
 10
995.9913468679869
 20
-52.84350510270855
 10
1005.803365562969
 20
-55.300025054832794
 10
1015.6153847895035
 20
-57.75654293460479
 10
1025.4274045355805
 20
-60.21305878884661
 10
1035.239424789549
 20
-62.66957266298206
 10
1045.0514455401035
 20
-65.1260846010882
 10
1054.8634667762708
 20
-67.58259464594504
 10
1064.6754884873988
 20
-70.03910283908274
 10
1074.4875106631437
 20
-72.49560922082696
 10
1084.2995332934604
 20
-74.95211383034206
 10
1094.1115563685903
 20
-77.4086167056727
 10
1103.9235798790523
 20
-79.86511788378337
 10
1113.7356038156322
 20
-82.32161740059644
 10
1123.547628169374
 20
-84.77811529102885
 10
1133.3596529315707
 20
-87.23461158902666
 10
1143.1716780937554
 20
-89.69110632759855
 10
1152.9837036476943
 20
-92.14759953884835
 10
1162.7957295853762
 20
-94.6040912540053
 10
1172.6077558990085
 20
-97.06058150345376
 10
1182.419782581006
 20
-99.51707031676169
 10
1192.231809623988
 20
-101.97355772270785
 10
1202.0438370207685
 20
-104.43004374930773
 10
1211.8558647643506
 20
-106.88652842383884
 10
1221.667892847921
 20
-109.34301177286476
 10
1231.4799212648431
 20
-111.79949382225848
 10
1241.291950008652
 20
-114.25597459722437
 10
1251.1039790730495
 20
-116.7124541223199
 10
1260.916008451897
 20
-119.16893242147611
 10
1270.728038139211
 20
-121.6254095180175
 10
1280.5400681291608
 20
-124.08188543468113
 10
1290.3520984160596
 20
-126.53836019363479
 10
1300.164128994363
 20
-128.994833816495
 10
1309.9761598586636
 20
-131.4513063243438
 10
1319.788191003687
 20
-133.9077777377452
 10
1329.600222424287
 20
-136.36424807676104
 10
1339.4122541154427
 20
-138.8207173609661
 10
1349.2242860722547
 20
-141.27718560946312
 10
1359.0363182899407
 20
-143.73365284089633
 10
1368.8483507638323
 20
-146.19011907346558
 10
1378.660383489372
 20
-148.64658432493948
 10
1388.4724164621098
 20
-151.1030486126679
 10
1398.2844496776993
 20
-153.5595119535942
 10
1408.096483131896
 20
-156.01597436426735
 10
1417.9085168205536
 20
-158.47243586085298
 10
1427.720550739621
 20
-160.9288964591447
 10
1437.5325848851398
 20
-163.38535617457447
 10
1447.3446192532422
 20
-165.84181502222316
 10
1457.1566538401473
 20
-168.29827301683017
 10
1466.9686886421593
 20
-170.75473017280333
 10
1476.7807236556657
 20
-173.21118650422798
 10
1486.592758877134
 20
-175.667642024876
 10
1496.4047943031096
 20
-178.12409674821433
 10
1506.216829930215
 20
-180.58055068741373
 10
1516.0288657551453
 20
-183.03700385535646
 10
1525.840901774668
 20
-185.49345626464432
 10
1535.6529379856217
 20
-187.94990792760635
 10
1545.4649743849113
 20
-190.4063588563059
 10
1555.277010969509
 20
-192.86280906254785
 10
1565.0890477364521
 20
-195.31925855788575
  0
LWPOLYLINE
  5
dd
330
1F
100
AcDbEntity
  8
main_beam_width
100
AcDbPolyline
 90
100
 70
0
43
0.0
 10
593.7460764157829
 20
37.14688571897828
 10
603.5026542145243
 20
34.58444269222098
 10
613.2592303959024
 20
32.02199335988185
 10
623.0158050123309
 20
29.459537926305593
 10
632.7723781139883
 20
26.897076587122495
 10
642.5289497489359
 20
24.33460952970694
 10
652.2855199632271
 20
21.77213693360741
 10
662.0420888010118
 20
19.209658970949942
 10
671.7986563046333
 20
16.64717580681687
 10
681.555222514719
 20
14.08468759960276
 10
691.3117874702672
 20
11.522194501348961
 10
701.0683512087274
 20
8.959696658058306
 10
710.824913766076
 20
6.397194209991346
 10
720.5814751768878
 20
3.834687291945381
 10
730.3380354744043
 20
1.2721760335173347
 10
740.0945946905963
 20
-1.290339440648283
 10
749.8511528562246
 20
-3.852859010625556
 10
759.6077100008961
 20
-6.415382560986297
 10
769.3642661531177
 20
-8.977909980591606
 10
779.1208213403464
 20
-11.540441162394735
 10
788.8773755890377
 20
-14.102976003254879
 10
798.6339289246902
 20
-16.665514403760884
 10
808.3904813718887
 20
-19.22805626806444
 10
818.1470329543446
 20
-21.790601503722197
 10
827.9035836949345
 20
-24.353150021546075
 10
837.6601336157362
 20
-26.91570173546151
 10
847.4166827380636
 20
-29.478256562372977
 10
857.1732310824988
 20
-32.04081442203632
 10
866.9297786689241
 20
-34.60337523693782
 10
876.6863255165505
 20
-37.16593893217905
 10
886.4428716439467
 20
-39.72850543536781
 10
896.1994170690647
 20
-42.29107467651421
 10
905.9559618092658
 20
-44.85364658793196
 10
915.7125058813446
 20
-47.416221104144675
 10
925.4690493015518
 20
-49.97879816179635
 10
935.2255920856156
 20
-52.54137769956633
 10
944.9821342487638
 20
-55.10395965808855
 10
954.7386758057417
 20
-57.6665439798741
 10
964.4952167708325
 20
-60.229130609237885
 10
974.2517571578747
 20
-62.791719492228474
 10
984.0082969802789
 20
-65.35431057656116
 10
993.7648362510449
 20
-67.91690381155433
 10
1003.5213749827772
 20
-70.47949914806841
 10
1013.2779131876988
 20
-73.04209653844777
 10
1023.0344508776672
 20
-75.60469593646523
 10
1032.7909880641866
 20
-78.16729729726904
 10
1042.5475247584216
 20
-80.72990057733197
 10
1052.3040609712093
 20
-83.29250573440308
 10
1062.0605967130716
 20
-85.8551127274611
 10
1071.8171319942267
 20
-88.4177215166703
 10
1081.5736668245988
 20
-90.98033206333776
 10
1091.3302012138297
 20
-93.54294432987298
 10
1101.0867351712886
 20
-96.10555827974862
 10
1110.8432687060817
 20
-98.66817387746366
 10
1120.5998018270607
 20
-101.23079108850719
 10
1130.3563345428324
 20
-103.79340987932443
 10
1140.1128668617666
 20
-106.35603021728379
 10
1149.8693987920046
 20
-108.91865207064544
 10
1159.6259303414663
 20
-111.48127540853092
 10
1169.3824615178587
 20
-114.04390020089438
 10
1179.1389923286824
 20
-116.60652641849454
 10
1188.8955227812373
 20
-119.16915403286798
 10
1198.652052882632
 20
-121.7317830163037
 10
1208.4085826397875
 20
-124.29441334181801
 10
1218.1651120594443
 20
-126.85704498313122
 10
1227.9216411481684
 20
-129.41967791464475
 10
1237.678169912357
 20
-131.98231211141916
 10
1247.4346983582427
 20
-134.54494754915314
 10
1257.191226491901
 20
-137.1075842041632
 10
1266.9477543192525
 20
-139.6702220533642
 10
1276.70428184607
 20
-142.23286107425068
 10
1286.4608090779827
 20
-144.79550124487864
 10
1296.2173360204788
 20
-147.35814254384823
 10
1305.9738626789122
 20
-149.92078495028701
 10
1315.7303890585056
 20
-152.48342844383376
 10
1325.4869151643543
 20
-155.04607300462303
 10
1335.2434410014307
 20
-157.60871861327004
 10
1344.999966574587
 20
-160.17136525085638
 10
1354.7564918885603
 20
-162.73401289891592
 10
1364.5130169479735
 20
-165.29666153942145
 10
1374.269541757342
 20
-167.8593111547718
 10
1384.0260663210745
 20
-170.42196172777918
 10
1393.7825906434762
 20
-172.9846132416573
 10
1403.539114728753
 20
-175.54726568000973
 10
1413.2956385810135
 20
-178.10991902681826
 10
1423.0521622042716
 20
-180.67257326643264
 10
1432.8086856024504
 20
-183.23522838355973
 10
1442.5652087793837
 20
-185.79788436325342
 10
1452.321731738818
 20
-188.36054119090494
 10
1462.0782544844167
 20
-190.92319885223336
 10
1471.8347770197608
 20
-193.48585733327633
 10
1481.591299348352
 20
-196.04851662038146
 10
1491.347821473616
 20
-198.6111767001977
 10
1501.1043433989007
 20
-201.17383755966694
 10
1510.860865127483
 20
-203.7364991860162
 10
1520.6173866625682
 20
-206.2991615667499
 10
1530.3739080072914
 20
-208.86182468964205
 10
1540.130429164722
 20
-211.4244885427296
 10
1549.8869501378624
 20
-213.98715311430482
 10
1559.6434709296518
 20
-216.54981839290903
  0
LWPOLYLINE
  5
de
330
1F
100
AcDbEntity
  8
main_beam_width
100
AcDbPolyline
 90
10
 70
0
43
0.0
 10
-49.03764962514159
 20
158.45669860693945
 10
-151.07118685835803
 20
114.74068282353248
 10
-253.10329606787317
 20
71.02131994568413
 10
-355.13418816909143
 20
27.29910433057975
 10
-457.16403729695116
 20
-16.4255558730336
 10
-559.1929878492341
 20
-60.152322216282805
 10
-661.2211601435359
 20
-103.88091269099434
 10
-763.2486549414126
 20
-147.61109112570773
 10
-865.2755570623858
 20
-191.3426587149333
 10
-967.3019382736147
 20
-235.07544724615616
  0
LWPOLYLINE
  5
df
330
1F
100
AcDbEntity
  8
main_beam_width
100
AcDbPolyline
 90
10
 70
0
43
0.0
 10
-49.612345174824604
 20
164.7110651262332
 10
-151.97550476530202
 20
121.22237758742719
 10
-254.34010150250464
 20
77.73705852619683
 10
-356.7059226501419
 20
34.25460931744587
 10
-459.07279264443025
 20
-9.225381536592497
 10
-561.4405659631848
 20
-52.703255120240435
 10
-663.8091214004533
 20
-96.17929552385925
 10
-766.1783574895137
 20
-139.65374057172343
 10
-868.5481888482219
 20
-183.1267903880328
 10
-970.9185432581273
 20
-226.59861424306908
  0
LWPOLYLINE
  5
e0
330
1F
100
AcDbEntity
  8
main_beam_width
100
AcDbPolyline
 90
19
 70
0
43
0.0
 10
297.6144983838627
 20
306.13553794140864
 10
349.14057692000597
 20
326.9040759650611
 10
400.66604895636215
 20
347.6741280706895
 10
452.1909918711804
 20
368.44550108920333
 10
503.71547111977867
 20
389.21803161623
 10
555.2395423078738
 20
409.99158083619955
 10
606.7632528787129
 20
430.7660303105454
 10
658.2866434868424
 20
451.5412785481917
 10
709.8097491187308
 20
472.3172382080007
 10
761.3326000092619
 20
493.0938338108154
 10
812.8552223936309
 20
513.870999862407
 10
864.3776391263584
 20
534.64867930815
 10
915.8998701928066
 20
555.4268222560626
 10
967.4219331334928
 20
576.2053849175369
 10
1018.9438433974487
 20
596.9843287252054
 10
1070.465614637646
 20
617.7636195954306
 10
1121.9872589589531
 20
638.5432273093031
 10
1173.5087871270484
 20
659.3231249910999
 10
1225.0302087451096
 20
680.103288667197
  0
LWPOLYLINE
  5
e1
330
1F
100
AcDbEntity
  8
main_beam_width
100
AcDbPolyline
 90
19
 70
0
43
0.0
 10
299.4127270052834
 20
301.5073064835856
 10
351.0302571661052
 20
322.05526929288953
 10
402.64839396357365
 20
342.6017176785575
 10
454.2670599962104
 20
363.14684486767055
 10
505.8861897898417
 20
383.69081431167274
 10
557.5057277233886
 20
404.23376486448484
 10
609.1256263410365
 20
424.77581499604713
 10
660.745844977913
 20
445.31706622321343
 10
712.3663486390277
 20
465.85760590839584
 10
763.987107082432
 20
486.3975095483877
 10
815.6080940670487
 20
506.9368426521033
 10
867.2292867334363
 20
527.4756622864501
 10
918.8506650921013
 20
548.0140183537263
 10
970.4722115990403
 20
568.5519546512406
 10
1022.09391080227
 20
589.0895097537293
 10
1073.7157490463096
 20
609.6267177510939
 10
1125.3377142241497
 20
630.1636088675892
 10
1176.959795568278
 20
650.7002099835167
 10
1228.5819834739402
 20
671.236545076435
  0
LWPOLYLINE
  5
e2
330
1F
100
AcDbEntity
  8
main_beam_width
100
AcDbPolyline
 90
14
 70
0
43
0.0
 10
253.4441032042648
 20
283.88515999522383
 10
233.88374651645472
 20
276.6189475168359
 10
214.32346115135266
 20
269.3525407245414
 10
194.76324100595193
 20
262.08595624557057
 10
175.20308064230863
 20
254.81920889523462
 10
155.6429752009121
 20
247.5523119129424
 10
136.08292032701323
 20
240.2852771629144
 10
116.52291210774601
 20
233.01811530548977
 10
96.96294701827412
 20
225.75083594384728
 10
77.4030218755104
 20
218.48344775009343
 10
57.8431337982141
 20
211.215958573974
 10
38.28328017247884
 20
203.94837553690087
 10
18.72345862179081
 20
196.68070511352542
 10
-0.8363330190238605
 20
189.41295320271757
  0
LWPOLYLINE
  5
e3
330
1F
100
AcDbEntity
  8
main_beam_width
100
AcDbPolyline
 90
14
 70
0
43
0.0
 10
251.45929785314314
 20
288.7246154997576
 10
231.99900432255956
 20
281.6676528705923
 10
212.53864060986055
 20
274.6108814478656
 10
193.0782126751037
 20
267.5542849938031
 10
173.61772583364544
 20
260.4978490270747
 10
154.15718483951346
 20
253.44156059565248
 10
134.69659395639698
 20
246.38540808340287
 10
115.23595701830763
 20
239.32938104482
 10
95.77527748159306
 20
232.27347006331766
 10
76.31455846968488
 20
225.21766662931728
 10
56.85380281171945
 20
218.1619630350276
 10
37.39301307597498
 20
211.10635228334806
 10
17.932191598907547
 20
204.0508280087615
 10
-1.5286594895609351
 20
196.99538440843926
  0
LWPOLYLINE
  5
e4
330
1F
100
AcDbEntity
  8
main_beam_width
100
AcDbPolyline
 90
10
 70
0
43
0.0
 10
-0.8365680092288789
 20
189.41555811625076
 10
-6.366530888907585
 20
187.87241745074425
 10
-11.89649303904566
 20
186.32927414702388
 10
-17.426454467412476
 20
184.78612823318576
 10
-22.95641518166902
 20
183.24297973693405
 10
-28.486375189369713
 20
181.69982868558756
 10
-34.016334497964266
 20
180.15667510608645
 10
-39.54629311479944
 20
178.6135190249986
 10
-45.07625104712081
 20
177.0703604685259
 10
-50.60620830207448
 20
175.52719946251057
  0
LWPOLYLINE
  5
e5
330
1F
100
AcDbEntity
  8
main_beam_width
100
AcDbPolyline
 90
10
 70
0
43
0.0
 10
-1.5288985940113635
 20
196.99797200908327
 10
-7.06183311372814
 20
195.48189792061345
 10
-12.59476836373143
 20
193.96582647305476
 10
-18.127704336243607
 20
192.44975763828134
 10
-23.66064102359556
 20
190.93369138855954
 10
-29.19357841822484
 20
189.41762769654156
 10
-34.72651651267383
 20
187.90156653525864
 10
-40.259455299587955
 20
186.38550787811477
 10
-45.79239477171397
 20
184.86945169888014
 10
-51.32533492189821
 20
183.3533979716852
  0
LWPOLYLINE
  5
e6
330
1F
100
AcDbEntity
  8
main_beam_width
100
AcDbPolyline
 90
10
 70
0
43
0.0
 10
-51.32533492189822
 20
183.3533979716852
 10
-45.61296484031718
 20
182.8713858262081
 10
-39.900594543739764
 20
182.3893761592624
 10
-34.18822403438696
 20
181.90736894524372
 10
-28.47585331444969
 20
181.4253641588947
 10
-22.763482386089287
 20
180.94336177529894
 10
-17.051111251437995
 20
180.46136176987548
 10
-11.338739912599406
 20
179.97936411837338
 10
-5.626368371649017
 20
179.49736879686597
 10
0.08600336936538666
 20
179.01537578174577
  0
LWPOLYLINE
  5
e7
330
1F
100
AcDbEntity
  8
main_beam_width
100
AcDbPolyline
 90
10
 70
0
43
0.0
 10
-50.606208302074485
 20
175.52719946251057
 10
-44.896618471957915
 20
175.01843174195616
 10
-39.187028856261286
 20
174.50966154951593
 10
-33.477439452771456
 20
174.00088891070328
 10
-27.767850259305277
 20
173.49211385068637
 10
-22.05826127370902
 20
172.98333639429364
 10
-16.34867249385796
 20
172.4745565660196
 10
-10.639083917655855
 20
171.96577439003036
 10
-4.92949554303445
 20
171.4569898901689
 10
0.7800926320468902
 20
170.9482030899606
  0
LWPOLYLINE
  5
e8
330
1F
100
AcDbEntity
  8
main_beam_width
100
AcDbPolyline
 90
10
 70
0
43
0.0
 10
0.7800241480537484
 20
170.94900998309427
 10
-4.748643032499503
 20
169.488806151271
 10
-10.27730963169807
 20
168.0286001179817
 10
-15.805975649633698
 20
166.56839188357375
 10
-21.334641086399095
 20
165.10818144839823
 10
-26.86330594208797
 20
163.64796881280998
 10
-32.39197021679499
 20
162.1877539771675
 10
-37.92063391061579
 20
160.72753694183288
 10
-43.44929702364699
 20
159.2673177071721
 10
-48.97795955598617
 20
157.80709627355463
  0
LWPOLYLINE
  5
e9
330
1F
100
AcDbEntity
  8
main_beam_width
100
AcDbPolyline
 90
10
 70
0
43
0.0
 10
0.08593207778243094
 20
179.0161933060691
 10
-5.447888434322773
 20
177.55505759253376
 10
-10.981709528866727
 20
176.0939240845696
 10
-16.515531205757675
 20
174.63279278182918
 10
-22.04935346490288
 20
173.1716636839613
 10
-27.583176306208614
 20
171.7105367906111
 10
-33.1169997295802
 20
170.24941210141992
 10
-38.65082373492195
 20
168.78828961602554
 10
-44.18464832213723
 20
167.32716933406195
 10
-49.71847349112839
 20
165.86605125515948
  0
LWPOLYLINE
  5
ea
330
1F
100
AcDbEntity
  8
main_beam_width
100
AcDbPolyline
 90
64
 70
0
43
0.0
 10
-1.5285560529097768
 20
196.99426500518828
 10
6.430833202007224
 20
195.68103535006648
 10
14.390224437447566
 20
194.36781725546447
 10
22.34961757621935
 20
193.0546102708052
 10
30.30901254507448
 20
191.74141396853193
 10
38.26840927446098
 20
190.42822794266252
 10
46.22780769829366
 20
189.11505180745093
 10
54.187207753741596
 20
187.80188519614657
 10
62.14660938103102
 20
186.4887277598437
 10
70.10601252326224
 20
185.17557916641297
 10
78.06541712623958
 20
183.86243909950866
 10
86.02482313831324
 20
182.54930725764535
 10
93.98423051023191
 20
181.23618335333825
 10
101.94363919500573
 20
179.92306711230265
 10
109.90304914777838
 20
178.60995827270727
 10
117.86246032570753
 20
177.29685658447758
 10
125.82187268785374
 20
175.98376180864528
 10
133.78128619507595
 20
174.67067371674034
 10
141.7407008099344
 20
173.35759209022248
 10
149.7001164965991
 20
172.04451671994906
 10
157.65953322076487
 20
170.73144740567668
 10
165.61895094957103
 20
169.4183839555941
 10
173.57836965152637
 20
168.10532618588428
 10
181.53778929643892
 20
166.79227392031325
 10
189.49720985534964
 20
165.4792269898441
 10
197.4566313004703
 20
164.16618523227413
 10
205.41605360512506
 20
162.8531484918939
 10
213.37547674369557
 20
161.5401166191663
 10
221.33490069156917
 20
160.22708947042423
 10
229.29432542508994
 20
158.91406690758643
 10
237.2537509215131
 20
157.60104879788886
 10
245.21317715896146
 20
156.28803501363188
 10
253.1726041163845
 20
154.9750254319418
 10
261.1320317735198
 20
153.6620199345451
 10
269.0914601108569
 20
152.34901840755606
 10
277.05088910960217
 20
151.0360207412752
 10
285.0103187516469
 20
149.7230268299993
 10
292.96974901953575
 20
148.41003657184143
 10
300.9291798964386
 20
147.09704986856036
 10
308.8886113661216
 20
145.78406662539962
 10
316.84804341292244
 20
144.4710867509343
 10
324.8074760217241
 20
143.15811015692634
 10
332.76690917793235
 20
141.8451367581872
 10
340.7263428674529
 20
140.5321664724474
 10
348.68577707667043
 20
139.21919922023258
 10
356.64521179242826
 20
137.90623492474634
 10
364.6046470020096
 20
136.59327351175853
 10
372.56408269311873
 20
135.28031490949874
 10
380.52351885386446
 20
133.9673590485559
 10
388.482955472743
 20
132.65440586178207
 10
396.44239253862287
 20
131.341455284201
 10
404.4018300407296
 20
130.0285072529214
 10
412.3612679686317
 20
128.7155617070539
 10
420.32070631222734
 20
127.40261858763225
 10
428.28014506173105
 20
126.08967783753813
 10
436.2395842076618
 20
124.77673940142934
 10
444.19902374083097
 20
123.46380322567146
 10
452.1584636523314
 20
122.15086925827254
 10
460.1179039335267
 20
120.83793744882082
 10
468.077344576041
 20
119.52500774842525
 10
476.036785571749
 20
118.21208010965856
 10
483.9962269127673
 20
116.89915448650305
 10
491.9556685914447
 20
115.5862308342987
 10
499.91511060035407
 20
114.27330910969344
  0
LWPOLYLINE
  5
eb
330
1F
100
AcDbEntity
  8
main_beam_width
100
AcDbPolyline
 90
64
 70
0
43
0.0
 10
-0.836235517871614
 20
189.41187237651414
 10
7.113578613788172
 20
187.99952308030063
 10
15.063390780602225
 20
186.5871623150791
 10
23.013201058980698
 20
185.1747905268636
 10
30.963009521438384
 20
183.7624081389304
 10
38.91281623683881
 20
182.35001555324303
 10
46.86262127062031
 20
180.93761315177198
 10
54.8124246850056
 20
179.52520129771747
 10
62.762226539196135
 20
178.11278033664462
 10
70.7120268895526
 20
176.7003505975367
 10
78.6618257897628
 20
175.28791239377466
 10
86.61162329099754
 20
173.8754660240482
 10
94.56141944205609
 20
172.46301177320345
 10
102.51121428950145
 20
171.05054991303362
 10
110.46100787778668
 20
169.63808070301556
 10
118.41080024937257
 20
168.22560439099755
 10
126.36059144483777
 20
166.81312121384138
 10
134.31038150298167
 20
165.4006313980229
 10
142.26017046092042
 20
163.9881351601931
 10
150.20995835417716
 20
162.575632707704
 10
158.1597452167661
 20
161.16312423910045
 10
166.10953108127188
 20
159.7506099445821
 10
174.05931597892348
 20
158.33809000643558
 10
182.0090999396638
 20
156.9255645994411
 10
189.95888299221517
 20
155.51303389125366
 10
197.90866516414064
 20
154.10049804276167
 10
205.85844648190184
 20
152.68795720842417
 10
213.80822697091313
 20
151.27541153658785
 10
221.758006655593
 20
149.86286116978584
 10
229.70778555941217
 20
148.45030624501908
 10
237.6575637049391
 20
147.03774689402152
 10
245.60734111388254
 20
145.6251832435102
 10
253.5571178071324
 20
144.21261541542145
 10
261.50689380479776
 20
142.80004352713362
 10
269.4566691262427
 20
141.38746769167767
 10
277.4064437901209
 20
139.97488801793617
 10
285.35621781440733
 20
138.56230461083155
 10
293.3059912164293
 20
137.1497175715041
 10
301.2557640128946
 20
135.7371269974807
 10
309.2055362199198
 20
134.32453298283409
 10
317.15530785305543
 20
132.91193561833452
 10
325.10507892731084
 20
131.49933499159306
 10
333.05484945717734
 20
130.08673118719744
 10
341.0046194566506
 20
128.67412428684125
 10
348.9543889392513
 20
127.26151436944649
 10
356.90415791804526
 20
125.84890151127983
 10
364.85392640566243
 20
124.43628578606322
 10
372.80369441431463
 20
123.02366726507888
 10
380.75346195581307
 20
121.61104601726936
 10
388.7032290415842
 20
120.19842210933243
 10
396.65299568268557
 20
118.78579560581178
 10
404.6027618898203
 20
117.37316656918297
 10
412.5525276733513
 20
115.96053505993554
 10
420.5022930433147
 20
114.54790113665113
 10
428.45205800943256
 20
113.13526485607818
 10
436.4018225811248
 20
111.72262627320274
 10
444.3515867675214
 20
110.30998544131637
 10
452.3013505774729
 20
108.89734241208093
 10
460.2511140195612
 20
107.48469723559008
 10
468.2008771021097
 20
106.07204996042844
 10
476.15063983319317
 20
104.65940063372788
 10
484.1004022206462
 20
103.2467493012213
 10
492.0501642720728
 20
101.83409600729404
 10
499.99992599485455
 20
100.42144079503326
  0
LWPOLYLINE
  5
ec
330
1F
100
AcDbEntity
  8
main_beam_width
100
AcDbPolyline
 90
16
 70
0
43
0.0
 10
499.9150939584193
 20
114.27470807962712
 10
506.1510267346312
 20
113.59402206687642
 10
512.3869595712467
 20
112.91333657804903
 10
518.6228924672796
 20
112.23265160459181
 10
524.8588254217649
 20
111.55196713813669
 10
531.094758433759
 20
110.87128317049563
 10
537.3306915023378
 20
110.19059969365594
 10
543.5666246265973
 20
109.50991669977543
 10
549.8025578056524
 20
108.8292341811781
 10
556.0384910386371
 20
108.14855213034959
 10
562.2744243247029
 20
107.46787053993303
 10
568.5103576630194
 20
106.78718940272502
 10
574.7462910527734
 20
106.10650871167147
 10
580.9822244931681
 20
105.42582845986384
 10
587.2181579834239
 20
104.74514864053549
 10
593.4540915227761
 20
104.06446924705796
  0
LWPOLYLINE
  5
ed
330
1F
100
AcDbEntity
  8
main_beam_width
100
AcDbPolyline
 90
16
 70
0
43
0.0
 10
499.9999255043934
 20
100.42283501629024
 10
506.23456645719455
 20
99.66573471952724
 10
512.469207349715
 20
98.90863389990476
 10
518.7038481829385
 20
98.15153256595626
 10
524.9384889578273
 20
97.39443072603056
 10
531.1731296753237
 20
96.63732838829691
 10
537.4077703363492
 20
95.88022556074972
 10
543.6424109418058
 20
95.12312225121327
 10
549.8770514925765
 20
94.36601846734612
 10
556.1116919895258
 20
93.60891421664556
 10
562.3463324334995
 20
92.85180950645177
 10
568.5809728253269
 20
92.09470434395197
 10
574.8156131658187
 20
91.33759873618433
 10
581.0502534557703
 20
90.58049269004181
 10
587.2848936959596
 20
89.82338621227592
 10
593.5195338871492
 20
89.06627930950032
  0
LWPOLYLINE
  5
ee
330
1F
100
AcDbEntity
  8
main_beam_width
100
AcDbPolyline
 90
16
 70
0
43
0.0
 10
593.5195338871494
 20
89.06627930950032
 10
587.2700117578405
 20
88.2519630573197
 10
581.0204896800022
 20
87.43764639053144
 10
574.7709676528549
 20
86.62332931541431
 10
568.5214456756345
 20
85.80901183812097
 10
562.2719237475928
 20
84.99469396468118
 10
556.022401867996
 20
84.1803757010048
 10
549.7728800361249
 20
83.3660570528848
 10
543.5233582512748
 20
82.55173802600008
 10
537.2738365127541
 20
81.73741862591831
 10
531.0243148198853
 20
80.92309885809863
 10
524.7747931720037
 20
80.10877872789426
 10
518.5252715684578
 20
79.29445824055506
 10
512.2757500086084
 20
78.48013740123005
 10
506.0262284918282
 20
77.66581621496978
 10
499.77670701750236
 20
76.85149468672864
  0
LWPOLYLINE
  5
ef
330
1F
100
AcDbEntity
  8
main_beam_width
100
AcDbPolyline
 90
16
 70
0
43
0.0
 10
593.4540915227763
 20
104.06446924705796
 10
587.222471601522
 20
103.32917818507389
 10
580.9908516290208
 20
102.59388753589812
 10
574.7592316060462
 20
101.85859729329715
 10
568.527611533357
 20
101.12330745116228
 10
562.2959914116959
 20
100.38801800350649
 10
556.064371241792
 20
99.65272894446147
 10
549.832751024359
 20
98.91744026827469
 10
543.6011307600974
 20
98.1821519693065
 10
537.3695104496932
 20
97.44686404202747
 10
531.1378900938197
 20
96.71157648101563
 10
524.906269693137
 20
95.97628928095388
 10
518.6746492482924
 20
95.24100243662755
 10
512.443028759921
 20
94.50571594292187
 10
506.2114082286455
 20
93.77042979481959
 10
499.9797876550771
 20
93.03514398739871
  0
LWPOLYLINE
  5
f0
330
1F
100
AcDbEntity
  8
main_beam_width
100
AcDbPolyline
 90
100
 70
0
43
0.0
 10
499.97974031169446
 20
93.02699193471445
 10
500.9249472813814
 20
92.90433782920715
 10
501.8701542522225
 20
92.78168373141037
 10
502.81536122420977
 20
92.65902964127055
 10
503.7605681973354
 20
92.5363755587347
 10
504.7057751715913
 20
92.41372148375028
 10
505.6509821469699
 20
92.29106741626524
 10
506.59618912346326
 20
92.16841335622797
 10
507.541396101064
 20
92.04575930358742
 10
508.4866030797642
 20
91.92310525829289
 10
509.4318100595566
 20
91.80045122029426
 10
510.3770170404338
 20
91.67779718954178
 10
511.32222402238824
 20
91.5551431659862
 10
512.2674310054127
 20
91.43248914957866
 10
513.2126379894999
 20
91.30983514027082
 10
514.1578449746427
 20
91.1871811380147
 10
515.1030519608339
 20
91.0645271427628
 10
516.0482589480667
 20
90.94187315446801
 10
516.9934659363338
 20
90.81921917308368
 10
517.9386729256285
 20
90.69656519856356
 10
518.8838799159438
 20
90.57391123086178
 10
519.8290869072729
 20
90.45125726993294
 10
520.7742938996092
 20
90.328603315732
 10
521.7195008929459
 20
90.2059493682143
 10
522.6647078872764
 20
90.08329542733561
 10
523.6099148825942
 20
89.96064149305212
 10
524.5551218788928
 20
89.83798756532033
 10
525.5003288761656
 20
89.71533364409714
 10
526.4455358744062
 20
89.59267972933989
 10
527.3907428736086
 20
89.4700258210062
 10
528.335949873766
 20
89.34737191905414
 10
529.2811568748726
 20
89.22471802344211
 10
530.226363876922
 20
89.10206413412882
 10
531.1715708799082
 20
88.97941025107346
 10
532.1167778838252
 20
88.85675637423545
 10
533.0619848886668
 20
88.73410250357462
 10
534.007191894427
 20
88.61144863905116
 10
534.9523989011001
 20
88.48879478062553
 10
535.8976059086801
 20
88.36614092825862
 10
536.8428129171613
 20
88.24348708191158
 10
537.7880199265378
 20
88.12083324154595
 10
538.733226936804
 20
87.99817940712354
 10
539.6784339479542
 20
87.87552557860651
 10
540.6236409599827
 20
87.75287175595736
 10
541.5688479728841
 20
87.63021793913889
 10
542.5140549866527
 20
87.5075641281142
 10
543.4592620012832
 20
87.38491032284672
 10
544.40446901677
 20
87.2622565233002
 10
545.3496760331078
 20
87.13960272943862
 10
546.2948830502913
 20
87.01694894122637
 10
547.2400900683152
 20
86.89429515862807
 10
548.1852970871741
 20
86.77164138160863
 10
549.1305041068629
 20
86.64898761013329
 10
550.0757111273765
 20
86.52633384416755
 10
551.0209181487098
 20
86.4036800836772
 10
551.9661251708575
 20
86.28102632862831
 10
552.9113321938148
 20
86.15837257898727
 10
553.8565392175766
 20
86.03571883472068
 10
554.8017462421379
 20
85.91306509579543
 10
555.7469532674941
 20
85.79041136217876
 10
556.6921602936397
 20
85.66775763383805
 10
557.6373673205704
 20
85.54510391074105
 10
558.5825743482814
 20
85.42245019285573
 10
559.5277813767676
 20
85.2997964801503
 10
560.4729884060246
 20
85.17714277259329
 10
561.4181954360474
 20
85.05448907015342
 10
562.3634024668318
 20
84.93183537279971
 10
563.3086094983728
 20
84.80918168050138
 10
564.253816530666
 20
84.68652799322795
 10
565.1990235637069
 20
84.56387431094917
 10
566.144230597491
 20
84.441220633635
 10
567.0894376320136
 20
84.31856696125568
 10
568.0346446672708
 20
84.19591329378167
 10
568.9798517032577
 20
84.07325963118367
 10
569.9250587399702
 20
83.9506059734326
 10
570.8702657774038
 20
83.82795232049962
 10
571.8154728155546
 20
83.70529867235614
 10
572.760679854418
 20
83.58264502897376
 10
573.7058868939897
 20
83.4599913903243
 10
574.651093934266
 20
83.33733775637985
 10
575.5963009752421
 20
83.21468412711269
 10
576.5415080169145
 20
83.0920305024953
 10
577.4867150592788
 20
82.96937688250041
 10
578.431922102331
 20
82.84672326710094
 10
579.3771291460671
 20
82.72406965627
 10
580.322336190483
 20
82.60141604998098
 10
581.267543235575
 20
82.47876244820742
 10
582.2127502813388
 20
82.35610885092305
 10
583.1579573277708
 20
82.23345525810186
 10
584.103164374867
 20
82.110801669718
 10
585.0483714226235
 20
81.98814808574583
 10
585.9935784710367
 20
81.86549450615992
 10
586.9387855201027
 20
81.742840930935
 10
587.8839925698178
 20
81.62018736004605
 10
588.8291996201782
 20
81.49753379346818
 10
589.7744066711801
 20
81.37488023117672
 10
590.7196137228202
 20
81.25222667314719
 10
591.6648207750947
 20
81.12957311935529
 10
592.6100278279996
 20
81.00691956977693
 10
593.5552348815319
 20
80.88426602438814
  0
LWPOLYLINE
  5
f1
330
1F
100
AcDbEntity
  8
main_beam_width
100
AcDbPolyline
 90
100
 70
0
43
0.0
 10
499.7765761914677
 20
76.8447150248746
 10
500.72471567049746
 20
76.68378077582089
 10
501.672855148371
 20
76.5228465190426
 10
502.6209946250962
 20
76.3619122545936
 10
503.56913410068114
 20
76.20097798252715
 10
504.51727357513374
 20
76.04004370289607
 10
505.4654130484618
 20
75.87910941575271
 10
506.4135525206731
 20
75.7181751211489
 10
507.3616919917754
 20
75.55724081913604
 10
508.3098314617761
 20
75.396306509765
 10
509.2579709306829
 20
75.23537219308622
 10
510.20611039850337
 20
75.07443786914969
 10
511.1542498652448
 20
74.91350353800493
 10
512.1023893309145
 20
74.752569199701
 10
513.0505287955199
 20
74.59163485428655
 10
513.998668259068
 20
74.43070050180974
 10
514.9468077215662
 20
74.26976614231833
 10
515.8949471830214
 20
74.10883177585967
 10
516.8430866434406
 20
73.94789740248065
 10
517.791226102831
 20
73.78696302222772
 10
518.7393655611993
 20
73.62602863514698
 10
519.6875050185522
 20
73.46509424128408
 10
520.6356444748967
 20
73.30415984068424
 10
521.5837839302395
 20
73.14322543339233
 10
522.5319233845872
 20
72.98229101945279
 10
523.4800628379464
 20
72.82135659890969
 10
524.4282022903236
 20
72.66042217180669
 10
525.3763417417254
 20
72.49948773818706
 10
526.324481192158
 20
72.3385532980937
 10
527.2726206416279
 20
72.17761885156918
 10
528.2207600901417
 20
72.0166843986556
 10
529.1688995377051
 20
71.85574993939481
 10
530.1170389843245
 20
71.69481547382819
 10
531.0651784300062
 20
71.53388100199682
 10
532.0133178747564
 20
71.3729465239414
 10
532.9614573185806
 20
71.21201203970229
 10
533.9095967614854
 20
71.05107754931952
 10
534.8577362034764
 20
70.89014305283273
 10
535.8058756445596
 20
70.72920855028124
 10
536.7540150847409
 20
70.56827404170407
 10
537.7021545240258
 20
70.40733952713984
 10
538.6502939624203
 20
70.2464050066269
 10
539.59843339993
 20
70.08547048020326
 10
540.5465728365606
 20
69.92453594790652
 10
541.4947122723175
 20
69.76360140977411
 10
542.4428517072065
 20
69.60266686584306
 10
543.390991141233
 20
69.44173231615005
 10
544.3391305744025
 20
69.28079776073156
 10
545.2872700067202
 20
69.11986319962365
 10
546.2354094381916
 20
68.95892863286215
 10
547.1835488688221
 20
68.79799406048257
 10
548.1316882986168
 20
68.63705948252009
 10
549.079827727581
 20
68.47612489900968
 10
550.02796715572
 20
68.31519030998592
 10
550.9761065830388
 20
68.15425571548317
 10
551.9242460095426
 20
67.9933211155355
 10
552.8723854352363
 20
67.83238651017665
 10
553.820524860125
 20
67.67145189944013
 10
554.7686642842136
 20
67.51051728335916
 10
555.7168037075073
 20
67.34958266196669
 10
556.6649431300108
 20
67.18864803529539
 10
557.6130825517288
 20
67.02771340337765
 10
558.5612219726663
 20
66.86677876624566
 10
559.5093613928282
 20
66.70584412393124
 10
560.4575008122189
 20
66.54490947646605
 10
561.4056402308432
 20
66.38397482388146
 10
562.353779648706
 20
66.22304016620856
 10
563.3019190658117
 20
66.06210550347821
 10
564.250058482165
 20
65.90117083572105
 10
565.1981978977701
 20
65.74023616296739
 10
566.146337312632
 20
65.5793014852474
 10
567.0944767267548
 20
65.41836680259094
 10
568.0426161401433
 20
65.25743211502765
 10
568.9907555528015
 20
65.09649742258694
 10
569.938894964734
 20
64.93556272529794
 10
570.8870343759452
 20
64.77462802318963
 10
571.8351737864391
 20
64.61369331629069
 10
572.7833131962202
 20
64.45275860462962
 10
573.7314526052927
 20
64.29182388823465
 10
574.6795920136608
 20
64.13088916713382
 10
575.6277314213286
 20
63.969954441354936
 10
576.5758708283001
 20
63.80901971092559
 10
577.5240102345799
 20
63.64808497587317
 10
578.4721496401714
 20
63.48715023622481
 10
579.4202890450792
 20
63.326215492007485
 10
580.368428449307
 20
63.16528074324791
 10
581.3165678528588
 20
63.00434598997262
 10
582.2647072557387
 20
62.843411232207934
 10
583.2128466579503
 20
62.682476469979974
 10
584.1609860594976
 20
62.521541703314654
 10
585.1091254603847
 20
62.3606069322377
 10
586.0572648606152
 20
62.19967215677462
 10
587.0054042601929
 20
62.03873737695073
 10
587.9535436591216
 20
61.87780259279117
 10
588.901683057405
 20
61.71686780432087
 10
589.8498224550468
 20
61.55593301156457
 10
590.7979618520507
 20
61.39499821454682
 10
591.7461012484204
 20
61.23406341329199
 10
592.6942406441593
 20
61.073128607824266
 10
593.6423800392713
 20
60.91219379816765
  0
LWPOLYLINE
  5
f2
330
1F
100
AcDbEntity
  8
main_beam_width
100
AcDbPolyline
 90
94
 70
0
43
0.0
 10
499.9999234858041
 20
100.428525454477
 10
489.42729486669987
 20
98.54205400673632
 10
478.85466687653167
 20
96.65557914007188
 10
468.2820395316298
 20
94.76910076571133
 10
457.70941284889375
 20
92.88261879178798
 10
447.1367868458173
 20
90.99613312320511
 10
436.56416154051476
 20
89.10964366149295
 10
425.99153695174846
 20
87.2231503046581
 10
415.4189130989583
 20
85.33665294702493
 10
404.8462900022921
 20
83.45015147906805
 10
394.27366768263875
 20
81.5636457872359
 10
383.70104616166157
 20
79.67713575376442
 10
373.12842546183543
 20
77.79062125648024
 10
362.5558056064843
 20
75.90410216859284
 10
351.9831866198219
 20
74.017578358475
 10
341.4105685269946
 20
72.13104968943026
 10
330.83795135412646
 20
70.24451601944718
 10
320.2653351283671
 20
68.35797720093922
 10
309.69271987794247
 20
66.47143308046898
 10
299.12010563220844
 20
64.58488349845618
 10
288.54749242170806
 20
62.69832828886783
 10
277.97488027823175
 20
60.811767278889725
 10
267.40226923488166
 20
58.925200288577564
 10
256.82965932613956
 20
57.03862713048636
 10
246.25705058793952
 20
55.152047609276636
 10
235.68444305774506
 20
53.26546152129561
 10
225.11183677463086
 20
51.37886865413143
 10
214.53923177937034
 20
49.49226878613863
 10
203.96662811452825
 20
47.60566168593232
 10
193.39402582456046
 20
45.719047111849086
 10
182.82142495591935
 20
43.83242481137156
 10
172.24882555716698
 20
41.94579452051423
 10
161.67622767909577
 20
40.05915596316703
 10
151.10363137485777
 20
38.17250885039368
 10
140.53103670010242
 20
36.285852879680654
 10
129.95844371312498
 20
34.39918773413317
 10
119.38585247502459
 20
32.512513081613456
 10
108.81326304987432
 20
30.625828573816584
 10
98.24067550490417
 20
28.739133845278445
 10
87.66808991069641
 20
26.852428512310166
 10
77.09550634139667
 20
24.965712171852353
 10
66.522924874941
 20
23.07898440024228
 10
55.950345593299474
 20
21.19224475188597
 10
45.377768582740394
 20
19.30549275782681
 10
34.80519393411324
 20
17.418727924201086
 10
24.232621743156713
 20
15.531949730569872
 10
13.660052110829824
 20
13.645157628115856
 10
3.0874851436707984
 20
11.758351037691725
 10
-7.485079045813636
 20
9.871529347706561
 10
-18.05764033872692
 20
7.984691911833569
 10
-28.63019860932492
 20
6.097838046521808
 10
-39.20275372451842
 20
4.210967028292309
 10
-49.77530554333187
 20
2.3240780907962804
 10
-60.34785391631403
 20
0.4371704216108441
 10
-70.92039868489574
 20
-1.4497568412550206
 10
-81.49293968068693
 20
-3.336704613175423
 10
-92.06547672471055
 20
-5.223673867077949
 10
-102.63800962656245
 20
-7.110665638008634
 10
-113.21053818349058
 20
-8.997681028135155
 10
-123.78306217938584
 20
-10.884721212237935
 10
-134.3555813836703
 20
-12.77178744374527
 10
-144.9280955500776
 20
-14.658881061375528
 10
-155.500604415304
 20
-16.546003496458685
 10
-166.07310769752226
 20
-18.43315628101852
 10
-176.64560509473836
 20
-20.320341056708934
 10
-187.2180962829705
 20
-22.207559584710047
 10
-197.7905809142292
 20
-24.094813756705634
 10
-208.36305861427462
 20
-25.982105607080975
 10
-218.93552898011836
 20
-27.869437326499963
 10
-229.50799157723745
 20
-29.756811277046047
 10
-240.08044593646437
 20
-31.64423000913741
 10
-250.65289155050198
 20
-33.53169628046157
 10
-261.2253278700181
 20
-35.41921307721238
 10
-271.7977542992547
 20
-37.30678363795839
 10
-282.3701701910817
 20
-39.19441148052524
 10
-292.9425748414163
 20
-41.082100432338954
 10
-303.5149674829074
 20
-42.96985466475275
 10
-314.0873472777762
 20
-44.85767873197105
 10
-324.65971330967625
 20
-46.74557761529177
 10
-335.2320645744208
 20
-48.63355677351866
 10
-345.8043999693884
 20
-50.52162220055037
 10
-356.37671828138906
 20
-52.40978049134165
 10
-366.94901817272796
 20
-54.29803891765894
 10
-377.52129816515645
 20
-56.18640551532753
 10
-388.09355662133396
 20
-58.07488918500331
 10
-398.6657917233529
 20
-59.96349980890961
 10
-409.2380014477878
 20
-61.85224838647921
 10
-419.81018353661017
 20
-63.74114719245338
 10
-430.38233546318247
 20
-65.63020996174285
 10
-440.95445439236755
 20
-67.51945210628035
 10
-451.52653713357785
 20
-69.40889097023867
 10
-462.09858008533723
 20
-71.29854613139999
 10
-472.6705791695986
 20
-73.18843975820776
 10
-483.2425297536679
 20
-75.07859703419193
  0
LWPOLYLINE
  5
f3
330
1F
100
AcDbEntity
  8
main_beam_width
100
AcDbPolyline
 90
94
 70
0
43
0.0
 10
499.91502592474114
 20
114.28042576495072
 10
489.3376004166276
 20
112.27604769149919
 10
478.76017428010937
 20
110.2716730340835
 10
468.1827474988609
 20
108.26730188144973
 10
457.6053200559873
 20
106.26293432543903
 10
447.0278919339994
 20
104.25857046112365
 10
436.4504631147873
 20
102.25421038694982
 10
425.87303357959263
 20
100.24985420488862
 10
415.2956033089794
 20
98.24550202059476
 10
404.71817228280327
 20
96.24115394357413
 10
394.14074048017886
 20
94.23681008736051
 10
383.5633078794455
 20
92.23247056970204
 10
372.9858744581312
 20
90.22813551275824
 10
362.4084401929139
 20
88.223805043308
 10
351.8310050595814
 20
86.21947929296962
 10
341.25356903298865
 20
84.21515839843333
 10
330.67613208701226
 20
82.21084250170743
 10
320.09869419450234
 20
80.20653175037884
 10
309.5212553272323
 20
78.20222629788906
 10
298.94381545584474
 20
76.19792630382666
 10
288.3663745497943
 20
74.19363193423742
 10
277.7889325772871
 20
72.18934336195348
 10
267.21148950521683
 20
70.18506076694248
 10
256.6340452990963
 20
68.18078433667891
 10
246.05659992298467
 20
66.17651426653836
 10
235.47915333941043
 20
64.17225076021703
 10
224.90170550928968
 20
62.16799403017823
 10
214.3242563918377
 20
60.16374429812766
 10
203.74680594447696
 20
58.15950179552011
 10
193.1693541227368
 20
56.155266764099444
 10
182.59190088014782
 20
54.1510394564751
 10
172.01444616812879
 20
52.14682013673736
 10
161.43698993586537
 20
50.14260908111501
 10
150.85953213018095
 20
48.1384065786784
 10
140.28207269539817
 20
46.13421293209182
 10
129.7046115731908
 20
44.13002845841929
 10
119.12714870242486
 20
42.12585348998804
 10
108.54968401898823
 20
40.12168837531464
 10
97.97221745560758
 20
38.117533480099176
 10
87.39474894165234
 20
36.11338918829333
 10
76.81727840292291
 20
34.10925590324873
 10
66.23980576142374
 20
32.1051340489527
 10
55.662330935118355
 20
30.101024071359408
 10
45.08485383766519
 20
28.09692643982488
 10
34.50737437813317
 20
26.092841648655426
 10
23.92989246069338
 20
24.088770218780102
 10
13.352407984287161
 20
22.084712699559
 10
2.7749208422656046
 20
20.080669670739876
 10
-7.802569078000143
 20
18.07664174457828
 10
-18.380061895541754
 20
16.072629568136225
 10
-28.957557736253413
 20
14.068633825778054
 10
-39.53505673338964
 20
12.064655241882786
 10
-50.11255902810896
 20
10.06069458379516
 10
-60.690064770065554
 20
8.056752665040342
 10
-71.26757411805352
 20
6.052830348829766
 10
-81.84508724071105
 20
4.048928551889222
 10
-92.42260431729066
 20
2.045048248644002
 10
-103.00012553850246
 20
0.04119047580031232
 10
-113.57765110743689
 20
-1.9626436626326154
 10
-124.155181240579
 20
-3.966452989830463
 10
-134.73271616892413
 20
-5.970236250094977
 10
-145.31025613920335
 20
-7.973992102184704
 10
-155.88780141523628
 20
-9.977719111963074
 10
-166.46535227942493
 20
-11.98141574428141
 10
-177.04290903440435
 20
-13.98508035400349
 10
-187.62047200487075
 20
-15.988711176064403
 10
-198.1980415396113
 20
-17.992306314442015
 10
-208.77561801375865
 20
-19.995863729900726
 10
-219.3532018312999
 20
-21.999381226347094
 10
-229.93079342787692
 20
-24.00285643561226
 10
-240.5083932739145
 20
-26.00628680044817
 10
-251.08600187812135
 20
-28.00966955549111
 10
-261.6636197914191
 20
-30.01300170590651
 10
-272.2412476113582
 20
-32.01628000338452
 10
-282.8188859870919
 20
-34.01950091909914
 10
-293.39653562499245
 20
-36.022660613180406
 10
-303.9741972950047
 20
-38.02575490017271
 10
-314.5518718378537
 20
-40.02877920985928
 10
-325.1295601732369
 20
-42.031728542724686
 10
-335.7072633091615
 20
-44.03459741919571
 10
-346.28498235261475
 20
-46.0373798216428
 10
-356.86271852178584
 20
-48.040069127934345
 10
-367.4404731601084
 20
-50.04265803510688
 10
-378.01824775243585
 20
-52.04513847143299
 10
-388.59604394372883
 20
-54.04750149483256
 10
-399.173863560711
 20
-56.04973717515646
 10
-409.7517086370376
 20
-58.05183445736653
 10
-420.3295814426399
 20
-60.053781002015
 10
-430.90748451804905
 20
-62.05556299866258
 10
-441.48542071467244
 20
-64.0571649469339
 10
-452.06339324221244
 20
-66.05856939874707
 10
-462.6414057246795
 20
-68.05975665382097
 10
-473.21946226678125
 20
-70.06070439878457
 10
-483.79756753286904
 20
-72.06138727801894
  0
LWPOLYLINE
  5
f4
330
1F
100
AcDbEntity
  8
main_beam_width
100
AcDbPolyline
 90
100
 70
0
43
0.0
 10
593.4541184343269
 20
104.05830161309656
 10
603.4393728765065
 20
102.44689284356441
 10
613.4246277026831
 20
100.83548632647897
 10
623.409882899356
 20
99.22408198264776
 10
633.3951384536497
 20
97.61267973654587
 10
643.3803943532782
 20
96.00127951610614
 10
653.3656505865116
 20
94.38988125252364
 10
663.3509071421453
 20
92.7784848800732
 10
673.3361640094702
 20
91.16709033593914
 10
683.3214211782464
 20
89.55569756005605
 10
693.3066786386775
 20
87.94430649496
 10
703.2919363813869
 20
86.33291708564926
 10
713.2771943973952
 20
84.72152927945385
 10
723.2624526781002
 20
83.11014302591335
 10
733.2477112152563
 20
81.4987582766623
 10
743.2329700009572
 20
79.88737498532255
 10
753.2182290276176
 20
78.2759931074024
 10
763.2034882879583
 20
76.66461260020155
 10
773.1887477749898
 20
75.05323342272196
 10
783.1740074819986
 20
73.44185553558388
 10
793.1592674025338
 20
71.83047890094676
 10
803.144527530394
 20
70.21910348243486
 10
813.1297878596156
 20
68.60772924506705
 10
823.1150483844615
 20
66.99635615519058
 10
833.1003090994102
 20
65.38498418041883
 10
843.0855699991467
 20
63.773613289572026
 10
853.0708310785514
 20
62.16224345262185
 10
863.0560923326922
 20
60.550874640638646
 10
873.0413537568164
 20
58.93950682574164
 10
883.0266153463414
 20
57.32813998105193
 10
893.0118770968483
 20
55.716774080647816
 10
902.9971390040737
 20
54.10540909952259
 10
912.9824010639037
 20
52.4940450135446
 10
922.9676632723672
 20
50.882681799419224
 10
932.9529256256295
 20
49.271319434652916
 10
942.9381881199864
 20
47.65995789751917
 10
952.9234507518594
 20
46.048597167025974
 10
962.9087135177898
 20
44.437237222885116
 10
972.8939764144336
 20
42.82587804548295
 10
982.8792394385578
 20
41.214519615852545
 10
992.8645025870342
 20
39.603161915647306
 10
1002.8497658568365
 20
37.99180492711581
 10
1012.8350292450364
 20
36.38044863307783
 10
1022.8202927487979
 20
34.76909301690162
 10
1032.8055563653757
 20
33.15773806248214
 10
1042.7908200921106
 20
31.546383754220447
 10
1052.776083926426
 20
29.935030077003876
 10
1062.7613478658252
 20
28.32367701618735
 10
1072.7466119078879
 20
26.712324557575357
 10
1082.7318760502685
 20
25.100972687404855
 10
1092.717140290691
 20
23.489621392328978
 10
1102.7024046269487
 20
21.878270659401345
 10
1112.6876690569
 20
20.266920476061184
 10
1122.6729335784667
 20
18.655570830119178
 10
1132.658198189632
 20
17.044221709743677
 10
1142.6434628884379
 20
15.432873103447777
 10
1152.6287276729822
 20
13.82152500007687
 10
1162.6139925414182
 20
12.21017738879665
 10
1172.5992574919512
 20
10.59883025908169
 10
1182.5845225228381
 20
8.987483600704657
 10
1192.569787632384
 20
7.376137403725683
 10
1202.555052818942
 20
5.764791658482357
 10
1212.54031808091
 20
4.1534463555802095
 10
1222.5255834167308
 20
2.5421014858834217
 10
1232.51084882489
 20
0.9307570405059085
 10
1242.496114303913
 20
-0.6805869891969712
 10
1252.4813798523662
 20
-2.291930611636711
 10
1262.4666454688543
 20
-3.9032738349994016
 10
1272.4519111520183
 20
-5.514616667253253
 10
1282.4371769005363
 20
-7.125959116155711
 10
1292.4224427131198
 20
-8.737301189260583
 10
1302.4077085885156
 20
-10.348642893924426
 10
1312.3929745255014
 20
-11.959984237313078
 10
1322.3782405228874
 20
-13.571325226407819
 10
1332.3635065795133
 20
-15.182665868011203
 10
1342.3487726942499
 20
-16.794006168752734
 10
1352.3340388659944
 20
-18.40534613509445
 10
1362.3193050936736
 20
-20.016685773336054
 10
1372.3045713762403
 20
-21.62802508962
 10
1382.2898377126728
 20
-23.239364089936405
 10
1392.2751041019756
 20
-24.85070278012773
 10
1402.260370543177
 20
-26.462041165893265
 10
1412.2456370353289
 20
-28.073379252793586
 10
1422.230903577506
 20
-29.68471704625464
 10
1432.216170168806
 20
-31.296054551571807
 10
1442.201436808348
 20
-32.907391773913915
 10
1452.186703495271
 20
-34.51872871832684
 10
1462.1719702287353
 20
-36.130065389737176
 10
1472.1572370079214
 20
-37.741401792955934
 10
1482.1425038320276
 20
-39.35273793268163
 10
1492.1277707002712
 20
-40.964073813503674
 10
1502.1130376118888
 20
-42.57540943990562
 10
1512.098304566133
 20
-44.186744816268025
 10
1522.0835715622743
 20
-45.79807994687146
 10
1532.0688385995993
 20
-47.40941483589939
 10
1542.0541056774111
 20
-49.02074948744084
 10
1552.0393727950277
 20
-50.63208390549312
 10
1562.0246399517837
 20
-52.24341809396435
 10
1572.009907147027
 20
-53.85475205667586
 10
1581.995174380121
 20
-55.46608579736473
  0
LWPOLYLINE
  5
f5
330
1F
100
AcDbEntity
  8
main_beam_width
100
AcDbPolyline
 90
100
 70
0
43
0.0
 10
593.5195609215752
 20
89.06008351481218
 10
603.4490036569492
 20
87.27666952524896
 10
613.3784460137656
 20
85.49325331514578
 10
623.3078880052611
 20
83.70983496214673
 10
633.2373296440632
 20
81.9264145403195
 10
643.1667709422231
 20
80.14299212035877
 10
653.096211911251
 20
78.35956776977604
 10
663.0256525621433
 20
76.57614155307668
 10
672.9550929054127
 20
74.79271353192534
 10
682.8845329511139
 20
73.0092837653006
 10
692.8139727088683
 20
71.22585230963949
 10
702.7434121878869
 20
69.44241921897296
 10
712.6728513969924
 20
67.65898454505268
 10
722.6022903446394
 20
65.8755483374699
 10
732.5317290389324
 20
64.09211064376699
 10
742.4611674876455
 20
62.308671509542165
 10
752.3906056982374
 20
60.525230978547754
 10
762.3200436778681
 20
58.741789092782696
 10
772.2494814334133
 20
56.95834589257943
 10
782.1789189714789
 20
55.17490141668574
 10
792.1083562984135
 20
53.39145570234177
 10
802.0377934203212
 20
51.60800878535265
 10
811.9672303430732
 20
49.82456070015692
 10
821.8966670723183
 20
48.04111147989107
 10
831.8261036134944
 20
46.2576611564505
 10
841.7555399718369
 20
44.4742097605471
 10
851.6849761523895
 20
42.69075732176352
 10
861.6144121600112
 20
40.90730386860474
 10
871.5438479993865
 20
39.12384942854653
 10
881.4732836750314
 20
37.34039402808153
 10
891.4027191913028
 20
35.55693769276289
 10
901.3321545524035
 20
33.77348044724542
 10
911.2615897623901
 20
31.9900223153248
 10
921.1910248251793
 20
30.20656331997462
 10
931.1204597445535
 20
28.42310348338159
 10
941.0498945241666
 20
26.639642826978893
 10
950.9793291675494
 20
24.856181371478034
 10
960.908763678115
 20
23.072719136898762
 10
970.8381980591631
 20
21.289256142597814
 10
980.7676323138857
 20
19.50579240729612
 10
990.69706644537
 20
17.722327949104695
 10
1000.6265004566037
 20
15.938862785549235
 10
1010.5559343504791
 20
14.155396933593579
 10
1020.485368129796
 20
12.371930409662085
 10
1030.4148017972664
 20
10.588463229660839
 10
1040.3442353555165
 20
8.804995408997984
 10
1050.2736688070922
 20
7.021526962602998
 10
1060.2031021544597
 20
5.238057904945179
 10
1070.1325354000103
 20
3.4545882500512244
 10
1080.0619685460626
 20
1.6711180115219908
 10
1089.9914015948657
 20
-0.1123527974513927
 10
1099.920834548601
 20
-1.8958241640723155
 10
1109.8502674093859
 20
-3.679296075923988
 10
1119.779700179274
 20
-5.462768520955438
 10
1129.7091328602598
 20
-7.246241487468219
 10
1139.63856545428
 20
-9.029714964103514
 10
1149.5679979632155
 20
-10.813188939829951
 10
1159.4974303888926
 20
-12.596663403931979
 10
1169.426862733086
 20
-14.38013834599844
 10
1179.3562949975212
 20
-16.163613755912078
 10
1189.285727183874
 20
-17.947089623839023
 10
1199.2151592937748
 20
-19.730565940219087
 10
1209.1445913288082
 20
-21.514042695756295
 10
1219.074023290515
 20
-23.29751988140975
 10
1229.0034551803951
 20
-25.080997488384995
 10
1238.9328869999072
 20
-26.86447550812568
 10
1248.8623187504704
 20
-28.647953932305516
 10
1258.791750433466
 20
-30.431432752820676
 10
1268.7211820502396
 20
-32.214911961782306
 10
1278.6506136021003
 20
-33.99839155150955
 10
1288.5800450903232
 20
-35.78187151452269
 10
1298.5094765161502
 20
-37.56535184353654
 10
1308.4389078807915
 20
-39.34883253145438
 10
1318.3683391854256
 20
-41.1323135713616
 10
1328.2977704312011
 20
-42.915794956520145
 10
1338.2272016192378
 20
-44.69927668036286
 10
1348.1566327506268
 20
-46.48275873648788
 10
1358.0860638264328
 20
-48.26624111865388
 10
1368.0154948476927
 20
-50.049723820774744
 10
1377.9449258154186
 20
-51.83320683691486
 10
1387.8743567305976
 20
-53.616690161284566
 10
1397.8037875941923
 20
-55.40017378823553
 10
1407.7332184071427
 20
-57.18365771225675
 10
1417.6626491703655
 20
-58.96714192797012
 10
1427.5920798847555
 20
-60.75062643012647
 10
1437.521510551186
 20
-62.53411121360203
 10
1447.45094117051
 20
-64.31759627339429
 10
1457.3803717435605
 20
-66.10108160461876
 10
1467.3098022711506
 20
-67.8845672025053
 10
1477.2392327540742
 20
-69.66805306239496
 10
1487.1686631931072
 20
-71.45153917973666
 10
1497.098093589008
 20
-73.23502555008399
 10
1507.027523942517
 20
-75.01851216909253
 10
1516.9569542543582
 20
-76.8019990325166
 10
1526.8863845252388
 20
-78.58548613620664
 10
1536.8158147558502
 20
-80.36897347610655
 10
1546.7452449468685
 20
-82.15246104825097
 10
1556.674675098955
 20
-83.93594884876273
 10
1566.6041052127557
 20
-85.71943687385058
 10
1576.5335352889028
 20
-87.50292511980662
  0
LWPOLYLINE
  5
f6
330
1F
100
AcDbEntity
  8
main_beam_width
100
AcDbPolyline
 90
100
 70
0
43
0.0
 10
499.77642197244364
 20
76.83672564160882
 10
489.887005066646
 20
74.85846172664375
 10
479.9975884917655
 20
72.88019604744179
 10
470.10817223333606
 20
70.90192868112693
 10
460.2187562777225
 20
68.9236597003935
 10
450.32934061206157
 20
66.94538917381946
 10
440.4399252242084
 20
64.96711716615373
 10
430.5505101026869
 20
62.98884373857966
 10
420.6610952366443
 20
61.01056894895709
 10
410.77168061580943
 20
59.032292852045
 10
400.8822662304544
 20
57.054015499706374
 10
390.99285207135904
 20
55.07573694109715
 10
381.1034381297782
 20
53.097457222840546
 10
371.2140243974118
 20
51.11917638918807
 10
361.32461086637636
 20
49.140894482168406
 10
351.43519752917985
 20
47.162611541725234
 10
341.54578437869696
 20
45.184327605844906
 10
331.6563714081477
 20
43.206042710674886
 10
321.7669586110762
 20
41.22775689063368
 10
311.87754598133165
 20
39.24947017851294
 10
301.9881335130506
 20
37.27118260557247
 10
292.0987212006407
 20
35.29289420162863
 10
282.2093090387643
 20
33.3146049951367
 10
272.31989702232505
 20
31.336315013267626
 10
262.4304851464541
 20
29.358024281979674
 10
252.54107340649716
 20
27.37973282608534
 10
242.65166179800352
 20
25.401440669313892
 10
232.76225031671444
 20
23.423147834369765
 10
222.87283895855325
 20
21.444854342987334
 10
212.98342771961543
 20
19.466560215982213
 10
203.09401659616017
 20
17.48826547329918
 10
193.20460558460118
 20
15.50997013405736
 10
183.31519468149926
 20
13.531674216592403
 10
173.4257838835547
 20
11.553377738496282
 10
163.53637318760022
 20
9.575080716654554
 10
153.64696259059463
 20
7.596783167281545
 10
143.75755208961633
 20
5.618485105953266
 10
133.8681416818575
 20
3.640186547638577
 10
123.97873136461884
 20
1.6618875067284793
 10
114.08932113530435
 20
-0.31641200293626437
 10
104.19991099141623
 20
-2.2947119680391537
 10
94.31050093055038
 20
-4.273012375763191
 10
84.42109095039207
 20
-6.251313213767928
 10
74.53168104871183
 20
-8.22961447016729
 10
64.64227122336169
 20
-10.207916133509007
 10
54.7528614722711
 20
-12.186218192754964
 10
44.86345179344392
 20
-14.164520637262603
 10
34.974042184954754
 20
-16.14282345676743
 10
25.084632644946147
 20
-18.121126641366295
 10
15.195223171625361
 20
-20.09943018150173
 10
5.305813763261835
 20
-22.077734067946942
 10
-4.583595581815869
 20
-24.056038291791634
 10
-14.473004865222073
 20
-26.034342844428572
 10
-24.362414088516914
 20
-28.01264771754075
 10
-34.251823253208194
 20
-29.990952903089397
 10
-44.14123236075385
 20
-31.969258393302237
 10
-54.030641412563526
 20
-33.947564180662745
 10
-63.92005041000115
 20
-35.92587025789959
 10
-73.80945935438665
 20
-37.904176617976724
 10
-83.69886824699724
 20
-39.882483254083986
 10
-93.58827708906958
 20
-41.860790159628124
 10
-103.4776858818015
 20
-43.839097328224106
 10
-113.36709462635297
 20
-45.81740475368715
 10
-123.25650332384797
 20
-47.795712430024786
 10
-133.14591197537584
 20
-49.77402035142947
 10
-143.03532058199264
 20
-51.7523285122716
 10
-152.924729144722
 20
-53.730636907092624
 10
-162.814137664557
 20
-55.70894553059868
 10
-172.70354614246085
 20
-57.6872543776544
 10
-182.59295457936818
 20
-59.66556344327697
 10
-192.48236297618615
 20
-61.64387272263064
 10
-202.37177133379512
 20
-63.6221822110212
 10
-212.26117965305002
 20
-65.60049190389094
 10
-222.15058793478104
 20
-67.57880179681369
 10
-232.03999617979466
 20
-69.55711188549004
 10
-241.92940438887445
 20
-71.53542216574296
 10
-251.8188125627816
 20
-73.51373263351338
 10
-261.7082207022561
 20
-75.49204328485615
 10
-271.5976288080174
 20
-77.47035411593592
 10
-281.48703688076506
 20
-79.44866512302349
 10
-291.3764449211792
 20
-81.42697630249212
 10
-301.2658529299216
 20
-83.40528765081397
 10
-311.15526090763603
 20
-85.3835991645569
 10
-321.04466885494895
 20
-87.36191084038109
 10
-330.9340767724701
 20
-89.340222675036
 10
-340.82348466079304
 20
-91.3185346653575
 10
-350.7128925204954
 20
-93.29684680826492
 10
-360.60230035213993
 20
-95.27515910075832
 10
-370.49170815627474
 20
-97.25347153991586
 10
-380.3811159334337
 20
-99.23178412289141
 10
-390.27052368413683
 20
-101.2100968469119
 10
-400.15993140889117
 20
-103.18840970927512
 10
-410.0493391081906
 20
-105.16672270734747
 10
-419.93874678251666
 20
-107.14503583856175
 10
-429.8281544323387
 20
-109.1233491004151
 10
-439.7175620581149
 20
-111.10166249046702
 10
-449.606969660291
 20
-113.07997600633743
 10
-459.49637723930306
 20
-115.05828964570475
 10
-469.3857847955755
 20
-117.0366034063042
 10
-479.275192329523
 20
-119.01491728592606
  0
LWPOLYLINE
  5
f7
330
1F
100
AcDbEntity
  8
main_beam_width
100
AcDbPolyline
 90
100
 70
0
43
0.0
 10
499.9797045998809
 20
93.02084902137922
 10
490.0139257336435
 20
91.27527461529091
 10
480.0481465296438
 20
89.52970200993258
 10
470.0823670027608
 20
87.78413112598037
 10
460.11658716701197
 20
86.03856188870108
 10
450.1508070356154
 20
84.29299422762479
 10
440.18502662104567
 20
82.54742807624518
 10
430.2192459350853
 20
80.8018633717449
 10
420.2534649888725
 20
79.05630005474318
 10
410.287683792944
 20
77.31073806906419
 10
400.32190235727563
 20
75.56517736152365
 10
390.3561206913188
 20
73.81961788173236
 10
380.39033880403474
 20
72.07405958191501
 10
370.4245567039257
 20
70.32850241674291
 10
360.4587743990641
 20
68.58294634317929
 10
350.49299189711934
 20
66.8373913203364
 10
340.5272092053823
 20
65.09183730934294
 10
330.561426330789
 20
63.34628427322138
 10
320.5956432799414
 20
61.60073217677395
 10
310.6298600591275
 20
59.85518098647694
 10
300.6640766743399
 20
58.10963067038226
 10
290.6982931312926
 20
56.36408119802605
 10
280.73250943543724
 20
54.61853254034344
 10
270.7667255919781
 20
52.87298466958919
 10
260.80094160588567
 20
51.12743755926362
 10
250.83515748190976
 20
49.3818911840435
 10
240.86937322459178
 20
47.63634551971758
 10
230.9035888382757
 20
45.89080054312604
 10
220.937804327119
 20
44.14525623210423
 10
210.97201969510243
 20
42.39971256542968
 10
201.00623494603903
 20
40.654169522772555
 10
191.04045008358355
 20
38.908627084649325
 10
181.07466511123982
 20
37.163085232379046
 10
171.10888003236903
 20
35.4175439480426
 10
161.14309485019652
 20
33.67200321444414
 10
151.17730956781878
 20
31.926463015075026
 10
141.21152418820992
 20
30.180923334079846
 10
131.24573871422734
 20
28.43538415622438
 10
121.27995314861761
 20
26.68984546686551
 10
111.3141674940219
 20
24.944307251922844
 10
101.34838175298056
 20
23.19876949785189
 10
91.38259592793851
 20
21.453232191618863
 10
81.41681002124918
 20
19.70769532067683
 10
71.45102403517872
 20
17.962158872943114
 10
61.48523797191052
 20
16.216622836778146
 10
51.519451833548445
 20
14.471087200965252
 10
41.553665622120704
 20
12.72555195469162
 10
31.587879339583015
 20
10.980017087530367
 10
21.622092987821862
 20
9.234482589423346
 10
11.656306568657849
 20
7.488948450665125
 10
1.6905200838481238
 20
5.743414661887547
 10
-8.275266464910613
 20
3.9978812140453455
 10
-18.241053075979895
 20
2.2523480984021487
 10
-28.206839747776378
 20
0.5068153065175968
 10
-38.17262647877029
 20
-1.2387171697651744
 10
-48.13841326748247
 20
-2.984249338331302
 10
-58.104200112482744
 20
-4.729781206805464
 10
-68.06998701238776
 20
-6.475312782562526
 10
-78.03577396585925
 20
-8.220844072737668
 10
-88.00156097160216
 20
-9.966375084236049
 10
-97.9673480283625
 20
-11.711905823742027
 10
-107.9331351349263
 20
-13.457436297727874
 10
-117.89892229011778
 20
-15.202966512462126
 10
-127.86470949279804
 20
-16.948496474017624
 10
-137.8304967418631
 20
-18.69402618827895
 10
-147.79628403624324
 20
-20.439555660949765
 10
-157.76207137490118
 20
-22.185084897559644
 10
-167.72785875683115
 20
-23.930613903470704
 10
-177.69364618105777
 20
-25.676142683883977
 10
-187.65943364663428
 20
-27.421671243845232
 10
-197.6252211526427
 20
-29.167199588250885
 10
-207.59100869819136
 20
-30.912727721853344
 10
-217.55679628241464
 20
-32.65825564926639
 10
-227.52258390447267
 20
-34.4037833749702
 10
-237.48837156354907
 20
-36.14931090331601
 10
-247.45415925885095
 20
-37.894838238530824
 10
-257.4199469896079
 20
-39.64036538472182
 10
-267.3857347550713
 20
-41.38589234588053
 10
-277.3515225545132
 20
-43.13141912588686
 10
-287.3173103872264
 20
-44.876945728513085
 10
-297.28309825252273
 20
-46.6224721574274
 10
-307.24888614973287
 20
-48.36799841619757
 10
-317.2146740782059
 20
-50.11352450829435
 10
-327.1804620373082
 20
-51.85905043709463
 10
-337.14625002642373
 20
-53.60457620588488
 10
-347.11203804495227
 20
-55.35010181786387
 10
-357.07782609230964
 20
-57.09562727614559
 10
-367.0436141679272
 20
-58.841152583762295
 10
-377.00940227125113
 20
-60.58667774366688
 10
-386.97519040174166
 20
-62.33220275873563
 10
-396.94097855887367
 20
-64.07772763177064
 10
-406.90676674213466
 20
-65.82325236550216
 10
-416.87255495102573
 20
-67.56877696259092
 10
-426.8383431850603
 20
-69.31430142563036
 10
-436.80413144376416
 20
-71.05982575714862
 10
-446.76991972667514
 20
-72.80534995961074
 10
-456.7357080333422
 20
-74.55087403542058
 10
-466.7014963633257
 20
-76.29639798692256
 10
-476.66728471619655
 20
-78.04192181640366
 10
-486.63307309153635
 20
-79.78744552609507
  0
LWPOLYLINE
  5
f8
330
1F
100
AcDbEntity
  8
main_beam_width
100
AcDbPolyline
 90
100
 70
0
43
0.0
 10
593.5553856370011
 20
80.84971563514736
 10
603.5010836559604
 20
78.94031639823478
 10
613.4467818834341
 20
77.03091810086916
 10
623.3924803021787
 20
75.12152066535262
 10
633.3381788968006
 20
73.2121240223244
 10
643.2838776535154
 20
71.302728109672
 10
653.2295765599422
 20
69.39333287160832
 10
663.1752756049297
 20
67.48393825788656
 10
673.1209747784069
 20
65.57454422312917
 10
683.0666740712564
 20
63.66515072625184
 10
693.0123734752029
 20
61.75575772996766
 10
702.9580729827188
 20
59.84636520035821
 10
712.9037725869416
 20
57.93697310650157
 10
722.8494722816022
 20
56.027581420148614
 10
732.7951720609612
 20
54.11819011544035
 10
742.7408719197556
 20
52.2087991686603
 10
752.6865718531491
 20
50.2994085580172
 10
762.6322718566903
 20
48.39001826345346
 10
772.577971926275
 20
46.480628266476195
 10
782.5236720581132
 20
44.5712385500075
 10
792.4693722486995
 20
42.66184909825168
 10
802.4150724947863
 20
40.75245989657715
 10
812.3607727933618
 20
38.84307093141112
 10
822.3064731416274
 20
36.93368219014553
 10
832.2521735369809
 20
35.02429366105281
 10
842.1978739769979
 20
33.11490533321039
 10
852.1435744594181
 20
31.205517196432734
 10
862.0892749821311
 20
29.29612924121025
 10
872.0349755431638
 20
27.386741458654107
 10
881.9806761406705
 20
25.477353840446444
 10
891.926376772922
 20
23.56796637879516
 10
901.8720774382965
 20
21.658579066393095
 10
911.8177781352716
 20
19.74919189638087
 10
921.7634788624172
 20
17.8398048623131
 10
931.7091796183875
 20
15.930417958127608
 10
941.6548804019159
 20
14.021031178117365
 10
951.6005812118093
 20
12.111644516904912
 10
961.5462820469421
 20
10.20225796941883
 10
971.491982906252
 20
8.292871530872297
 10
981.4376837887353
 20
6.383485196743449
 10
991.3833846934433
 20
4.4740989627572585
 10
1001.3290856194785
 20
2.5647128248689337
 10
1011.2747865659908
 20
0.6553267792485523
 10
1021.2204875321746
 20
-1.2540591777328858
 10
1031.1661885172664
 20
-3.1634450495165725
 10
1041.1118895205418
 20
-5.07283083936784
 10
1051.0575905413123
 20
-6.982216550387249
 10
1061.003291578924
 20
-8.891602185520888
 10
1070.9489926327556
 20
-10.800987747569838
 10
1080.8946937022154
 20
-12.710373239198978
 10
1090.8403947867407
 20
-14.619758662945264
 10
1100.786095885795
 20
-16.52914402122513
 10
1110.7317969988671
 20
-18.438529316341697
 10
1120.6774981254694
 20
-20.347914550491357
 10
1130.6231992651371
 20
-22.257299725769826
 10
1140.5689004174264
 20
-24.166684844177762
 10
1150.514601581913
 20
-26.0760699076263
 10
1160.4603027581911
 20
-27.98545491794184
 10
1170.4060039458732
 20
-29.894839876870734
 10
1180.3517051445892
 20
-31.804224786083676
 10
1190.2974063539837
 20
-33.71360964717967
 10
1200.2431075737172
 20
-35.62299446168991
 10
1210.1888088034639
 20
-37.53237923108123
 10
1220.1345100429116
 20
-39.441763956759665
 10
1230.0802112917615
 20
-41.351148640073234
 10
1240.0259125497266
 20
-43.26053328231527
 10
1249.971613816531
 20
-45.16991788472695
 10
1259.9173150919107
 20
-47.07930244849985
 10
1269.8630163756116
 20
-48.988686974778595
 10
1279.8087176673896
 20
-50.89807146466296
 10
1289.7544189670098
 20
-52.8074559192102
 10
1299.7001202742467
 20
-54.71684033943693
 10
1309.6458215888833
 20
-56.62622472632116
 10
1319.5915229107109
 20
-58.5356090808042
 10
1329.537224239528
 20
-60.4449934037921
 10
1339.4829255751415
 20
-62.35437769615752
 10
1349.4286269173642
 20
-64.26376195874116
 10
1359.3743282660168
 20
-66.17314619235324
 10
1369.3200296209259
 20
-68.08253039777486
 10
1379.2657309819235
 20
-69.99191457575928
 10
1389.2114323488495
 20
-71.90129872703312
 10
1399.1571337215476
 20
-73.8106828522976
 10
1409.102835099868
 20
-75.72006695222967
 10
1419.0485364836652
 20
-77.62945102748286
 10
1428.9942378727992
 20
-79.53883507868852
 10
1438.9399392671346
 20
-81.44821910645665
 10
1448.885640666541
 20
-83.35760311137668
 10
1458.8313420708917
 20
-85.26698709401857
 10
1468.7770434800639
 20
-87.17637105493336
 10
1478.72274489394
 20
-89.0857549946542
 10
1488.6684463124052
 20
-90.99513891369678
 10
1498.6141477353485
 20
-92.90452281256033
 10
1508.5598491626633
 20
-94.8139066917281
 10
1518.505550594245
 20
-96.72329055166799
 10
1528.4512520299936
 20
-98.63267439283322
 10
1538.3969534698113
 20
-100.5420582156629
 10
1548.3426549136036
 20
-102.45144202058252
 10
1558.2883563612797
 20
-104.36082580800453
 10
1568.2340578127498
 20
-106.27020957832879
 10
1578.1797592679286
 20
-108.17959333194308
  0
LWPOLYLINE
  5
f9
330
1F
100
AcDbEntity
  8
main_beam_width
100
AcDbPolyline
 90
100
 70
0
43
0.0
 10
593.6425336928338
 20
60.87697921908944
 10
603.4189972935432
 20
58.41073606662821
 10
613.1954606951884
 20
55.94449201720142
 10
622.9719239139704
 20
53.47824714380862
 10
632.7483869643781
 20
51.01200151173732
 10
642.52484985941
 20
48.54575517955521
 10
652.3013126107593
 20
46.07950819995298
 10
662.0777752289752
 20
43.61326062046348
 10
671.8542377235987
 20
41.147012484077706
 10
681.6307001032806
 20
38.68076382977465
 10
691.4071623758823
 20
36.21451469297856
 10
701.1836245485648
 20
33.74826510595525
 10
710.9600866278643
 20
31.282015098156315
 10
720.736548619759
 20
28.81576469651942
 10
730.5130105297277
 20
26.34951392573098
 10
740.2894723628004
 20
23.883262808456486
 10
750.065934123604
 20
21.417011365543104
 10
759.842395816401
 20
18.95075961619852
 10
769.6188574451255
 20
16.484507578148946
 10
779.3953190134139
 20
14.018255267779251
 10
789.1717805246323
 20
11.552002700257482
 10
798.9482419819014
 20
9.085749889645777
 10
808.724703388119
 20
6.619496848999345
 10
818.5011647459783
 20
4.153243590454964
 10
828.2776260579865
 20
1.686990125310428
 10
838.054087326481
 20
-0.7792635359042538
 10
847.830548553642
 20
-3.2455173833627198
 10
857.6070097415073
 20
-5.711771407884397
 10
867.3834708919826
 20
-8.17802560088235
 10
877.1599320068523
 20
-10.644279954316064
 10
886.9363930877889
 20
-13.110534460648665
 10
896.7128541363622
 20
-15.576789112808035
 10
906.4893151540463
 20
-18.043043904151638
 10
916.2657761422271
 20
-20.509298828434275
 10
926.0422371022088
 20
-22.97555387977891
 10
935.8186980352203
 20
-25.44180905264988
 10
945.5951589424194
 20
-27.90806434182845
 10
955.3716198248992
 20
-30.374319742390536
 10
965.1480806836914
 20
-32.84057524968609
 10
974.9245415197715
 20
-35.30683085932039
 10
984.7010023340622
 20
-37.77308656713668
 10
994.4774631274364
 20
-40.23934236920034
 10
1004.2539239007216
 20
-42.70559826178419
 10
1014.0303846547014
 20
-45.17185424135506
 10
1023.8068453901199
 20
-47.63811030456125
 10
1033.5833061076833
 20
-50.10436644822111
 10
1043.3597668080624
 20
-52.5706226693123
 10
1053.136227491895
 20
-55.03687896496202
 10
1062.9126881597867
 20
-57.50313533243788
 10
1072.6891488123154
 20
-59.969391769139335
 10
1082.4656094500303
 20
-62.435648272589894
 10
1092.2420700734551
 20
-64.90190484042981
 10
1102.0185306830897
 20
-67.36816147040929
 10
1111.7949912794095
 20
-69.83441816038214
 10
1121.5714518628697
 20
-72.3006749082998
 10
1131.3479124339042
 20
-74.76693171220602
 10
1141.1243729929279
 20
-77.23318857023163
 10
1150.9008335403378
 20
-79.6994454805897
 10
1160.6772940765122
 20
-82.16570244157109
 10
1170.453754601815
 20
-84.63195945154035
 10
1180.2302151165936
 20
-87.09821650893173
 10
1190.0066756211804
 20
-89.56447361224541
 10
1199.7831361158946
 20
-92.03073076004421
 10
1209.559596601042
 20
-94.49698795095034
 10
1219.336057076916
 20
-96.96324518364231
 10
1229.1125175437978
 20
-99.42950245685208
 10
1238.8889780019574
 20
-101.89575976936231
 10
1248.6654384516544
 20
-104.36201712000414
 10
1258.4418988931384
 20
-106.82827450765448
 10
1268.2183593266484
 20
-109.29453193123393
 10
1277.994819752415
 20
-111.76078938970461
 10
1287.7712801706598
 20
-114.22704688206841
 10
1297.547740581596
 20
-116.69330440736474
 10
1307.3242009854282
 20
-119.15956196466905
 10
1317.1006613823547
 20
-121.62581955309103
 10
1326.8771217725653
 20
-124.09207717177318
 10
1336.6535821562438
 20
-126.55833481988921
 10
1346.4300425335666
 20
-129.0245924966425
 10
1356.2065029047048
 20
-131.49085020126506
 10
1365.982963269822
 20
-133.957107933016
 10
1375.7594236290772
 20
-136.42336569118075
 10
1385.535883982624
 20
-138.88962347506916
 10
1395.312344330609
 20
-141.35588128401534
 10
1405.0888046731761
 20
-143.82213911737585
 10
1414.8652650104627
 20
-146.28839697452932
 10
1424.6417253426025
 20
-148.75465485487533
 10
1434.4181856697235
 20
-151.22091275783316
 10
1444.1946459919511
 20
-153.68717068284167
 10
1453.9711063094055
 20
-156.153428629358
 10
1463.747566622203
 20
-158.61968659685692
 10
1473.5240269304568
 20
-161.0859445848303
 10
1483.3004872342758
 20
-163.55220259278607
 10
1493.0769475337656
 20
-166.018460620248
 10
1502.8534078290293
 20
-168.48471866675484
 10
1512.6298681201652
 20
-170.95097673185967
 10
1522.4063284072693
 20
-173.4172348151295
 10
1532.1827886904357
 20
-175.88349291614475
 10
1541.959248969754
 20
-178.34975103449858
 10
1551.7357092453117
 20
-180.8160091697964
 10
1561.512169517194
 20
-183.2822673216557
  0
LWPOLYLINE
  5
fa
330
1F
100
AcDbEntity
  8
main_beam_width
100
AcDbPolyline
 90
41
 70
0
43
0.0
 10
-50.606028776556315
 20
175.52524570039984
 10
-74.0238665381574
 20
166.84482827893785
 10
-97.44167032466292
 20
158.16431821621845
 10
-120.85944231107709
 20
149.48372144291287
 10
-144.27718449266982
 20
140.8030433996038
 10
-167.69489870296385
 20
132.12228908583134
 10
-191.11258662962783
 20
123.44146310342916
 10
-214.53024982855104
 20
114.76056969490345
 10
-237.9478897363363
 20
106.07961277749634
 10
-261.3655076814108
 20
97.39859597348396
 10
-284.7831048939303
 20
88.71752263718108
 10
-308.20068251462334
 20
80.0363958790585
 10
-331.6182416027065
 20
71.35521858732407
 10
-355.03578314297926
 20
62.67399344727048
 10
-378.4533080521973
 20
53.992722958652124
 10
-401.8708171848063
 20
45.31140945132034
 10
-425.28831133810996
 20
36.63005509931502
 10
-448.70579125693547
 20
27.948661933586667
 10
-472.1232576378528
 20
19.267231853500405
 10
-495.54071113299545
 20
10.585766637254828
 10
-518.9581523535267
 20
1.9042679513329719
 10
-542.3755818727874
 20
-6.777262640912774
 10
-565.7930002291613
 20
-15.458823671450128
 10
-589.2104079286838
 20
-24.140413760452283
 10
-612.6278054474225
 20
-32.82203160980704
 10
-636.0451932336508
 20
-41.503675997187656
 10
-659.4625717098385
 20
-50.1853457706305
 10
-682.8799412744711
 20
-58.86703984356853
 10
-706.2973023037206
 20
-67.5487571902782
 10
-729.7146551529785
 20
-76.23049684169911
 10
-753.1320001582649
 20
-84.91225788159265
 10
-776.549337637524
 20
-93.59403944300718
 10
-799.9666678918187
 20
-102.2758407050219
 10
-823.3839912064318
 20
-110.9576608897451
 10
-846.8013078518823
 20
-119.6394992595425
 10
-870.2186180848635
 20
-128.32135511447672
 10
-893.6359221491132
 20
-137.00322778993882
 10
-917.053220276217
 20
-145.68511665445547
 10
-940.4705126863531
 20
-154.36702110765702
 10
-963.8877995889846
 20
-163.04894057839252
 10
-987.3050811835008
 20
-171.73087452297978
  0
LWPOLYLINE
  5
fb
330
1F
100
AcDbEntity
  8
main_beam_width
100
AcDbPolyline
 90
41
 70
0
43
0.0
 10
-51.32515589098387
 20
183.351449592309
 10
-74.8500610317371
 20
174.8163438154525
 10
-98.37500046559175
 20
166.2813315469729
 10
-121.89997198941485
 20
157.74640677949884
 10
-145.42497358275625
 20
149.21156400378788
 10
-168.95000338950592
 20
140.67679815871028
 10
-192.47505970169328
 20
132.14210458707413
 10
-216.00014094514583
 20
123.60747899651976
 10
-239.52524566676502
 20
115.07291742482533
 10
-263.0503725232136
 20
106.53841620905898
 10
-286.57552027083574
 20
98.00397195809455
 10
-310.10068775665843
 20
89.4695815280745
 10
-333.62587391034225
 20
80.93524200046079
 10
-357.1510777369667
 20
72.40095066236418
 10
-380.67629831055353
 20
63.86670498888223
 10
-404.2015347682402
 20
55.332502627213245
 10
-427.7267863050308
 20
46.79834138234246
 10
-451.2520521690581
 20
38.26421920412346
 10
-474.7773316573008
 20
29.730134175599666
 10
-498.30262411170537
 20
21.19608450243013
 10
-521.8279289156696
 20
12.662068503300873
 10
-545.3532454908488
 20
4.128084601216331
 10
-568.8785732942514
 20
-4.405868684421082
 10
-592.4039118155928
 20
-12.939792745024159
 10
-615.9292605748833
 20
-21.473688889400155
 10
-639.4546191202243
 20
-30.007558349759183
 10
-662.9799870257937
 20
-38.54140228720793
 10
-686.5053638900004
 20
-47.075221796780255
 10
-710.0307493337941
 20
-55.609017912048195
 10
-733.5561429991125
 20
-64.14279160935457
 10
-757.0815445474552
 20
-72.67654381170178
 10
-780.6069536585723
 20
-81.21027539232908
 10
-804.1323700292546
 20
-89.74398717800754
 10
-827.6577933722217
 20
-98.27767995207728
 10
-851.1832234150925
 20
-106.81135445725079
 10
-874.7086598994357
 20
-115.3450113982026
 10
-898.2341025798919
 20
-123.87865144396429
 10
-921.7595512233602
 20
-132.41227523014146
 10
-945.285005608245
 20
-140.94588336096777
 10
-968.8104655237573
 20
-149.47947641120993
 10
-992.3359307692664
 20
-158.01305492793608
  0
LWPOLYLINE
  5
fc
330
1F
100
AcDbEntity
  8
main_beam_width
100
AcDbPolyline
 90
15
 70
0
43
0.0
 10
0.08610604153430569
 20
179.0141984019022
 10
35.79382651895188
 20
173.15751892871904
 10
71.50157777356712
 20
167.30102373298078
 10
107.20935749936501
 20
161.44469900749937
 10
142.91716361185058
 20
155.58853227143095
 10
178.62499422244758
 20
149.7325122169878
 10
214.33284761631634
 20
143.87662857662448
 10
250.04072223307804
 20
138.02087200762517
 10
285.7486166500167
 20
132.16523399152524
 10
321.4565295673998
 20
126.30970674621994
 10
357.1644597956165
 20
120.45428314895362
 10
392.87240624387874
 20
114.59895666866946
 10
428.58036791027143
 20
108.74372130643293
 10
464.2883438729679
 20
102.88857154283939
 10
499.9963332824587
 20
97.03350229147797
  0
LWPOLYLINE
  5
fd
330
1F
100
AcDbEntity
  8
main_beam_width
100
AcDbPolyline
 90
15
 70
0
43
0.0
 10
0.7801925083830878
 20
170.94702632151441
 10
36.43312841243098
 20
164.88541608422713
 10
72.08603370691337
 20
158.82362257318692
 10
107.73891068111986
 20
152.76165949543892
 10
143.39176140480737
 20
146.69953924358353
 10
179.04458775352998
 20
140.63727304743873
 10
214.69739143059115
 20
134.57487110547694
 10
250.3501739861239
 20
128.5123426990683
 10
286.0029368337227
 20
122.44969629206139
 10
321.65568126497976
 20
116.38693961782285
 10
357.30840846222566
 20
110.32407975551676
 10
392.9611195097225
 20
104.26112319712679
 10
428.613815403524
 20
98.19807590649054
 10
464.2664970601804
 20
92.13494337142359
 10
499.9191653244437
 20
86.07173064984909
  0
LWPOLYLINE
  5
fe
330
1F
100
AcDbEntity
  8
main_beam_width
100
AcDbPolyline
 90
100
 70
0
43
0.0
 10
499.9192122014993
 20
86.07576968972413
 10
489.933125019302
 20
84.61510650709192
 10
479.94703877210935
 20
83.15443719639931
 10
469.9609534933778
 20
81.6937615383718
 10
459.9748692181755
 20
80.23307930317144
 10
449.9887859832803
 20
78.77239024975447
 10
440.00270382728496
 20
77.31169412518169
 10
430.0166227907105
 20
75.8509906638773
 10
420.03054291612756
 20
74.39027958683184
 10
410.0444642482872
 20
72.92956060074417
 10
400.05838683426236
 20
71.46883339709699
 10
390.0723107235995
 20
70.00809765115994
 10
380.0862359684832
 20
68.54735302091336
 10
370.10016262391343
 20
67.08659914588566
 10
360.1140907478973
 20
65.62583564589558
 10
350.12802040165684
 20
64.16506211969076
 10
340.1419516498544
 20
62.70427814347207
 10
330.15588456083657
 20
61.243483269292675
 10
320.1698192068997
 20
59.78267702331907
 10
310.1837556645784
 20
58.321858903940345
 10
300.1976940149597
 20
56.86102837970977
 10
290.2116343440248
 20
55.400184887101325
 10
280.2255767430234
 20
53.93932782806146
 10
270.2395213088813
 20
52.47845656733408
 10
260.25346814464723
 20
51.01757042953397
 10
250.2674173599817
 20
49.55666869594077
 10
240.2813690716939
 20
48.09575060098189
 10
230.29532340433144
 20
46.63481532836879
 10
220.30928049082803
 20
45.173862006846456
 10
210.32324047321904
 20
43.71288970551017
 10
200.33720350342927
 20
42.2518974286375
 10
190.35116974414507
 20
40.79088410997656
 10
180.36513936977838
 20
39.32984860642271
 10
170.3791125675373
 20
37.868789691006405
 10
160.39308953861448
 20
36.407706045103794
 10
150.40707049950913
 20
34.94659624976788
 10
140.42105568350283
 20
33.485458776063425
 10
130.43504534230564
 20
32.024291974269964
 10
120.44903974790134
 20
30.563094061796665
 10
110.46303919461425
 20
29.10186310962698
 10
100.47704400143542
 20
27.64059702708245
 10
90.49105451464007
 20
26.17929354465866
 10
80.50507111074562
 20
24.717950194645745
 10
70.51909419985752
 20
23.25656428919512
 10
60.533124229466274
 20
21.795132895435028
 10
50.54716168876605
 20
20.333652807165812
 10
40.56120711358019
 20
18.872120512579137
 10
30.5752610919936
 20
17.41053215734184
 10
20.589324270812558
 20
15.948883502257635
 10
10.603397362995537
 20
14.487169874566705
 10
0.6174811562268401
 20
13.02538611175369
 10
-9.36842347715955
 20
11.563526496503856
 10
-19.35431556865369
 20
10.10158468116218
 10
-29.340194040137156
 20
8.63955359969601
 10
-39.32605768817249
 20
7.177425364724502
 10
-49.31190516555778
 20
5.71519114662912
 10
-59.2977349595874
 20
4.252841031073082
 10
-69.2835453663257
 20
2.790363850391886
 10
-79.26933446003542
 20
1.3277469832219806
 10
-89.25510005668752
 20
-0.135023884657276
 10
-99.2408396702092
 20
-1.597965047071173
 10
-109.22655045978097
 20
-3.061095122869534
 10
-119.2122291660424
 20
-4.524435474038343
 10
-129.19787203348815
 20
-5.988010714320133
 10
-139.1834747155833
 20
-7.451849331087085
 10
-149.16903215815185
 20
-8.915984449622133
 10
-159.15453845531286
 20
-10.38045477731829
 10
-169.13998667058
 20
-11.845305776199162
 10
-179.1253686135777
 20
-13.310591126333856
 10
-189.11067456002723
 20
-14.77637456105653
 10
-199.09589289907632
 20
-16.242732178380987
 10
-209.08100968754422
 20
-17.709755362503035
 10
-219.06600808518044
 20
-19.177554485137694
 10
-229.0508676387853
 20
-20.64626359741871
 10
-239.03556337674618
 20
-22.11604636434919
 10
-249.02006467111366
 20
-23.587103522804533
 10
-259.00433382601676
 20
-25.059682133112908
 10
-268.98832436753736
 20
-26.53408678730054
 10
-278.97197905699596
 20
-28.010692630087124
 10
-288.95522775375963
 20
-29.489959366144568
 10
-298.93798545371993
 20
-30.97244411599051
 10
-308.92015116470145
 20
-32.458808786609175
 10
-318.90160874601065
 20
-33.94981456900921
 10
-328.8822312876653
 20
-35.446293236576984
 10
-338.86189060710944
 20
-36.94908490319691
 10
-348.84047230541233
 20
-38.458939344293576
 10
-358.8178941424807
 20
-39.97639556491238
 10
-368.7941222415227
 20
-41.501675594977876
 10
-378.7691785085283
 20
-43.03463586170629
 10
-388.7431357845545
 20
-44.57479896173382
 10
-398.7161030359773
 20
-46.12145072482844
 10
-408.6882068911614
 20
-47.673761223340065
 10
-418.65957554908437
 20
-49.2308902357554
 10
-428.6303280351905
 20
-50.79205766428517
 10
-438.60056882137536
 20
-52.35657879571006
 10
-448.5703863583173
 20
-53.92387392055235
 10
-458.53985388462564
 20
-55.49346302987025
 10
-468.5090312763756
 20
-57.06495369333976
 10
-478.4779671830817
 20
-58.638027059985816
 10
-488.44670106324077
 20
-60.21242451715388
  0
LWPOLYLINE
  5
ff
330
1F
100
AcDbEntity
  8
main_beam_width
100
AcDbPolyline
 90
100
 70
0
43
0.0
 10
499.99634306810003
 20
97.03746338639826
 10
490.01178566133785
 20
95.4509435600975
 10
480.02722732187226
 20
93.86442984677417
 10
470.042668016337
 20
92.2779224651121
 10
460.0581077097589
 20
90.69142164432765
 10
450.0735463654597
 20
89.10492762481013
 10
440.088983944952
 20
87.51844065880933
 10
430.10442040782567
 20
85.93196101117417
 10
420.11985571162705
 20
84.34548896014729
 10
410.13528981172857
 20
82.75902479822045
 10
400.15072266118784
 20
81.17256883305582
 10
390.1661542105961
 20
79.58612138847981
 10
380.18158440791495
 20
77.99968280555574
 10
370.1970131982988
 20
76.41325344374275
 10
360.2124405239042
 20
74.82683368214931
 10
350.22786632368275
 20
73.24042392089028
 10
340.24329053315614
 20
71.65402458255751
 10
330.25871308417356
 20
70.06763611381571
 10
320.27413390464653
 20
68.48125898713525
 10
310.2895529182618
 20
66.89489370267677
 10
300.30497004416804
 20
65.30854079034253
 10
290.32038519663513
 20
63.72220081201221
 10
280.3357982846814
 20
62.135874363982765
 10
270.3512092116673
 20
60.54956207963418
 10
260.3666178748503
 20
58.963264632345876
 10
250.38202416489725
 20
57.37698273869162
 10
240.39742796534975
 20
55.79071716194413
 10
230.41282915203692
 20
54.20446871592511
 10
220.42822759242893
 20
52.6182382692407
 10
210.44362314492503
 20
51.032026749947896
 10
200.45901565806795
 20
49.445835150703836
 10
190.47440496967576
 20
47.85966453445682
 10
180.48979090588008
 20
46.27351604074648
 10
170.50517328006072
 20
44.687390892689955
 10
160.52055189166126
 20
43.101290404742585
 10
150.53592652487126
 20
41.51521599133412
 10
140.55129694715762
 20
39.929169176497474
 10
130.5666629076229
 20
38.34315160462475
 10
120.58202413516867
 20
36.75716505250618
 10
110.59738033643535
 20
35.17121144283311
 10
100.61273119348641
 20
33.58529285937519
 10
90.62807636119969
 20
31.99941156407706
 10
80.64341546432246
 20
30.413570016361557
 10
70.65874809413792
 20
28.827770894975664
 10
60.67407380468365
 20
27.242017122775145
 10
50.689392108450804
 20
25.65631189491506
 10
40.704702471478114
 20
24.07065871099881
 10
30.72000430774319
 20
22.485061411842796
 10
20.735296972728857
 20
20.899524221639183
 10
10.750579756023892
 20
19.314051796453125
 10
0.7658518727855501
 20
17.72864928017809
 10
-9.218887546143028
 20
16.143322369303576
 10
-19.203639465708743
 20
14.558077388132986
 10
-29.18840496002345
 20
12.972921376441196
 10
-39.17318522800689
 20
11.387862191997792
 10
-49.1579816117505
 20
9.802908630927393
 10
-59.142795618161436
 20
8.218070569562155
 10
-69.12762894457386
 20
6.6333591323032435
 10
-79.11248350918527
 20
5.048786891097737
 10
-89.09736148738261
 20
3.4643681035236713
 10
-99.08226535529657
 20
1.8801189982455697
 10
-109.06719794226643
 20
0.29605811887295497
 10
-119.05216249434596
 20
-1.287793259820924
 10
-129.03716275155602
 20
-2.8714106255811473
 10
-139.0222030423402
 20
-4.454765609605491
 10
-149.00728839965345
 20
-6.0378252256946405
 10
-158.9924247043853
 20
-7.620550930251616
 10
-168.97761886347544
 20
-9.202897454899341
 10
-178.96287903224157
 20
-10.784811349342533
 10
-188.94821489322737
 20
-12.366229153781411
 10
-198.93363800746815
 20
-13.947075096701372
 10
-208.9191622585788
 20
-15.527258184303768
 10
-218.9048044155641
 20
-17.106668511824616
 10
-228.8905848465605
 20
-18.685172585635332
 10
-238.87652842213407
 20
-20.26260740299665
 10
-248.86266565140218
 20
-21.838773005864898
 10
-258.84903409298306
 20
-23.41342323346858
 10
-268.8356800671588
 20
-24.986254500722797
 10
-278.8226606499224
 20
-26.5568927291593
 10
-288.8100458270609
 20
-28.12487922897315
 10
-298.797920488247
 20
-29.6896576296633
 10
-308.78638560697806
 20
-31.250566146664006
 10
-318.7755574833898
 20
-32.80684254397402
 10
-328.7655634669591
 20
-34.357652167740355
 10
-338.7565325494157
 20
-35.90214960072062
 10
-348.74858032419905
 20
-37.439577238629965
 10
-358.7417904860911
 20
-38.96938654233019
 10
-368.7361983511111
 20
-40.491346049140354
 10
-378.73178310779116
 20
-42.005592158300146
 10
-388.72847244096994
 20
-43.51259882643242
 10
-398.7261573207787
 20
-45.01308063990082
 10
-408.72471061586276
 20
-46.507870822974596
 10
-418.7240033956153
 20
-47.997814392296625
 10
-428.7239158529005
 20
-49.4836965688948
 10
-438.72434279432684
 20
-50.966206794700724
 10
-448.7251951566718
 20
-52.445928793838654
 10
-458.7263992067843
 20
-53.923345816491874
 10
-468.72789468118833
 20
-55.39885283202957
 10
-478.72963263210426
 20
-56.87277064626549
 10
-488.73157337343036
 20
-58.34535936358861
  0
LWPOLYLINE
  5
100
330
1F
100
AcDbEntity
  8
main_beam_width
100
AcDbPolyline
 90
10
 70
0
43
0.0
 10
-48.977956663822866
 20
157.80706479836857
 10
-153.83003737340874
 20
121.36925462095351
 10
-258.68150164509484
 20
84.92967022133341
 10
-363.5323538354171
 20
48.488324138423565
 10
-468.3825991187795
 20
12.045231265115476
 10
-573.2322434518684
 20
-24.399591254146674
 10
-678.0812935335266
 20
-60.84612413885562
 10
-782.9297567606957
 20
-97.29434609924608
 10
-887.7776411810727
 20
-133.74423397255913
 10
-992.6249554431442
 20
-170.1957628668514
  0
LWPOLYLINE
  5
101
330
1F
100
AcDbEntity
  8
main_beam_width
100
AcDbPolyline
 90
10
 70
0
43
0.0
 10
-49.71847060985865
 20
165.8660198985271
 10
-154.77961478323527
 20
129.3713086641285
 10
-259.8413778588401
 20
92.87837874472751
 10
-364.903755466907
 20
56.38721756333
 10
-469.96674241296125
 20
19.897810169277275
 10
-575.030332713691
 20
-16.589860658508066
 10
-680.0945196374189
 20
-53.07581429503719
 10
-785.1592957485577
 20
-89.56007214130429
 10
-890.2246529553962
 20
-126.04265748675064
 10
-995.2905825605403
 20
-162.52359536408306
  0
LWPOLYLINE
  5
102
330
1F
100
AcDbEntity
  8
main_beam_width
100
AcDbPolyline
 90
63
 70
0
43
0.0
 10
296.5986361249919
 20
308.75876748848407
 10
311.191418121885
 20
315.6222139074601
 10
325.7841543416913
 20
322.4857587445334
 10
340.37684799251036
 20
329.34939510247506
 10
354.9695019935955
 20
336.21311670505884
 10
369.56211900670337
 20
343.0769178296613
 10
384.1547014635044
 20
349.94079324833115
 10
398.7472515896106
 20
356.80473817613097
 10
413.3397714256918
 20
363.6687482257382
 10
427.93226284607834
 20
370.53281936745094
 10
442.5247275751879
 20
377.3969478938702
 10
457.11716720206505
 20
384.261130388642
 10
471.7095831932779
 20
391.1253636987292
 10
486.30197690438325
 20
397.9896449097633
 10
500.8943495901388
 20
404.85397132408724
 10
515.4867024136198
 20
411.7183404411561
 10
530.0790364543722
 20
418.5827499400092
 10
544.6713527157171
 20
425.44719766356286
 10
559.2636521313106
 20
432.3116816045112
 10
573.85593557104
 20
439.1761998926457
 10
588.4482038463385
 20
446.04075078343254
 10
603.0404577149789
 20
452.90533264770454
 10
617.6326978854062
 20
459.76994396234414
 10
632.2249250206629
 20
466.63458330184955
 10
646.8171397419437
 20
473.4992493306869
 10
661.4093426318273
 20
480.36394079634647
 10
676.0015342372118
 20
487.2286565230284
 10
690.5937150719905
 20
494.0933954058921
 10
705.1858856194899
 20
500.9581564058129
 10
719.7780463346979
 20
507.82293854459346
 10
734.3701976462988
 20
514.6877409005872
 10
748.9623399585379
 20
521.5525626046898
 10
763.55447365293
 20
528.4174028366667
 10
778.1465990898273
 20
535.2822608217818
 10
792.7387166098589
 20
542.1471358277009
 10
807.3308265352579
 20
549.0120271616429
 10
821.922929171079
 20
555.876934167757
 10
836.5150248063244
 20
562.7418562247049
 10
851.1071137149819
 20
569.606792743429
 10
865.6991961569829
 20
576.4717431650923
 10
880.2912723790884
 20
583.336706959172
 10
894.8833426157106
 20
590.2016836216959
 10
909.4754070896722
 20
597.066672673608
 10
924.0674660129112
 20
603.9316736592531
 10
938.659519587136
 20
610.7966861449707
 10
953.2515680044318
 20
617.6617097177881
 10
967.843611447827
 20
624.5267439842053
 10
982.4356500918179
 20
631.3917885690648
 10
997.0276841028593
 20
638.2568431144987
 10
1011.619713639821
 20
645.1219072789463
 10
1026.2117388544127
 20
651.98698073624
 10
1040.8037598915832
 20
658.852063174749
 10
1055.3957768898897
 20
665.717154296582
 10
1069.9877899818475
 20
672.5822538168396
 10
1084.5797992942532
 20
679.4473614629162
 10
1099.17180494849
 20
686.3124769738452
 10
1113.7638070608123
 20
693.1776000996867
 10
1128.3558057426121
 20
700.0427306009527
 10
1142.947801100673
 20
706.9078682480673
 10
1157.5397932374008
 20
713.7730128208607
 10
1172.1317822510498
 20
720.6381641080941
 10
1186.7237682359275
 20
727.5033219070112
 10
1201.3157512825908
 20
734.3684860229196
  0
LWPOLYLINE
  5
103
330
1F
100
AcDbEntity
  8
main_beam_width
100
AcDbPolyline
 90
63
 70
0
43
0.0
 10
298.58669349794786
 20
303.63091400513474
 10
313.2428163902636
 20
310.3719496143619
 10
327.8989851666823
 20
317.11288657541326
 10
342.55519660895226
 20
323.8537318073439
 10
357.21144778881205
 20
330.59449160574763
 10
371.8677360364917
 20
337.33517171047544
 10
386.52405891317665
 20
344.0757773648385
 10
401.180414186871
 20
350.81631336749905
 10
415.83679981118814
 20
357.5567841180703
 10
430.49321390666796
 20
364.29719365728334
 10
445.1496547442798
 20
371.03754570245417
 10
459.8061207308235
 20
377.77784367887136
 10
474.46261039598005
 20
384.5180907476363
 10
489.1191223808009
 20
391.2582898304096
 10
503.77565542745583
 20
397.9984436314539
 10
518.4322083700818
 20
404.73855465730765
 10
533.0887801265992
 20
411.4786252343791
 10
547.7453696913803
 20
418.2186575247104
 10
562.4019761286665
 20
424.95865354012875
 10
577.05859856665
 20
431.6986151549702
 10
591.7152361921422
 20
438.43854411754324
 10
606.3718882457633
 20
445.1784420604713
 10
621.0285540175937
 20
451.9183105100405
 10
635.6852328432378
 20
458.65815089466247
 10
650.3419241002568
 20
465.3979645525454
 10
664.9986272049271
 20
472.13775273866065
 10
679.6553416092955
 20
478.8775166310767
 10
694.3120667984953
 20
485.617257336727
 10
708.9688022883005
 20
492.3569758966696
 10
723.6255476228921
 20
499.096673290889
 10
738.282302372816
 20
505.8363504426866
 10
752.9390661331139
 20
512.5760082226997
 10
767.5958385216094
 20
519.315647452585
 10
782.2526191773364
 20
526.0552689083993
 10
796.9094077590948
 20
532.7948733237038
 10
811.5662039441207
 20
539.5344613924209
 10
826.2230074268648
 20
546.2740337714644
 10
840.8798179178644
 20
553.0135910831631
 10
855.5366351427018
 20
559.7531339174984
 10
870.1934588410452
 20
566.4926628341696
 10
884.8502887657579
 20
573.2321783645053
 10
899.5071246820776
 20
579.9716810132313
 10
914.163966366854
 20
586.7111712601082
 10
928.8208136078413
 20
593.4506495614515
 10
943.4776662030442
 20
600.1901163515404
 10
958.1345239601071
 20
606.9295720439278
 10
972.7913866957488
 20
613.6690170326582
 10
987.4482542352346
 20
620.4084516934005
 10
1002.1051264118863
 20
627.1478763845035
 10
1016.7620030666241
 20
633.8872914479794
 10
1031.41888404754
 20
640.6266972104215
 10
1046.0757692094994
 20
647.3660939838608
 10
1060.7326584137695
 20
654.1054820665664
 10
1075.3895515276693
 20
660.844861743793
 10
1090.046448424246
 20
667.5842332884822
 10
1104.7033489819694
 20
674.323596961917
 10
1119.360253084446
 20
681.0629530143367
 10
1134.0171606201516
 20
687.802301685512
 10
1148.6740714821797
 20
694.541643205286
 10
1163.3309855680052
 20
701.2809777940814
 10
1177.9879027792638
 20
708.0203056633762
 10
1192.644823021542
 20
714.759627016153
 10
1207.3017462041828
 20
721.4989420473197
  0
LWPOLYLINE
  5
104
330
1F
100
AcDbEntity
  8
main_beam_width
100
AcDbPolyline
 90
34
 70
0
43
0.0
 10
251.88417515836258
 20
287.68865758462323
 10
244.17227086301048
 20
285.28780344323405
 10
236.46037311068858
 20
282.886927815118
 10
228.74848158348078
 20
280.486031744283
 10
221.03659598361614
 20
278.0851162085826
 10
213.32471603190734
 20
275.68418212484266
 10
205.61284146633164
 20
273.28323035352247
 10
197.90097204073902
 20
270.88226170295707
 10
190.18910752367444
 20
268.48127693322374
 10
182.47724769730328
 20
266.0802767596721
 10
174.76539235642892
 20
263.67926185614965
 10
167.05354130759366
 20
261.2782328579538
 10
159.34169436825545
 20
258.87719036453683
 10
151.62985136603186
 20
256.4761349419871
 10
143.9180121380063
 20
254.07506712530775
 10
136.2061765300901
 20
251.6739874205128
 10
128.49434439643477
 20
249.27289630655542
 10
120.78251559889084
 20
246.87179423710603
 10
113.07069000650857
 20
244.47068164219192
 10
105.35886749507672
 20
242.06955892971177
 10
97.64704794669626
 20
239.6684264868354
 10
89.93523124938599
 20
237.26728468129932
 10
82.22341729671695
 20
234.86613386260632
 10
74.51160598747408
 20
232.4649743631379
 10
66.79979722534163
 20
230.0638064991863
 10
59.08799091861136
 20
227.66263057191327
 10
51.37618697991114
 20
225.26144686824097
 10
43.664385325952544
 20
222.8602556616811
 10
35.952585877295775
 20
220.4590572131071
 10
28.240788558130447
 20
218.05785177147337
 10
20.528993296071413
 20
215.65663957448618
 10
12.817200021967984
 20
213.2554208492303
 10
5.105408669725808
 20
210.85419581275372
 10
-2.606380823859722
 20
208.45296467261474
  0
LWPOLYLINE
  5
105
330
1F
100
AcDbEntity
  8
main_beam_width
100
AcDbPolyline
 90
34
 70
0
43
0.0
 10
249.63457982183576
 20
293.1737377856494
 10
241.9634575500656
 20
290.88975687098144
 10
234.2923288723133
 20
288.6057969929871
 10
226.62119409682057
 20
286.32185713942766
 10
218.95005351248335
 20
284.0379363615949
 10
211.2789073903368
 20
281.7540337694333
 10
203.60775598490707
 20
279.470148527102
 10
195.93659953544216
 20
277.18627984893186
 10
188.26543826703528
 20
274.9024269957366
 10
180.5942723916512
 20
272.6185892714433
 10
172.92310210906447
 20
270.3347660200099
 10
165.25192760771924
 20
268.05095662260265
 10
157.58074906551744
 20
265.7671604950076
 10
149.90956665054244
 20
263.48337708525384
 10
142.2383805217241
 20
261.1996058714298
 10
134.567190829451
 20
258.91584635967337
 10
126.89599771613375
 20
256.63209808232006
 10
119.22480131672548
 20
254.34836059619653
 10
111.55360175920109
 20
252.06463348104396
 10
103.88239916500147
 20
249.78091633806199
 10
96.21119364944303
 20
247.4972087885615
 10
88.53998532209783
 20
245.21351047271745
 10
80.8687742871457
 20
242.92982104841286
 10
73.19756064370047
 20
240.6461401901668
 10
65.52634448611327
 20
238.3624675881384
 10
57.85512590425421
 20
236.07880294720218
 10
50.18390498377453
 20
233.79514598608736
 10
42.512681806350315
 20
231.51149643657678
 10
34.841456449909906
 20
229.22785404276095
 10
27.17022898884555
 20
226.944218560342
 10
19.498999494211468
 20
224.66058975598463
 10
11.827768033908004
 20
222.3769674067098
 10
4.156534672854678
 20
220.09335129932802
 10
-3.514700526848935
 20
217.8097412299095
  0
LWPOLYLINE
  5
106
330
1F
100
AcDbEntity
  8
main_beam_width
100
AcDbPolyline
 90
10
 70
0
43
0.0
 10
-2.6067297865903507
 20
208.45661028790164
 10
-8.152967973419402
 20
207.11543585226772
 10
-13.699205835772572
 20
205.77426005184492
 10
-19.24544337817339
 20
204.43308290565977
 10
-24.79168060506197
 20
203.09190443238805
 10
-30.33791752079691
 20
201.75072465036263
 10
-35.88415412965718
 20
200.40954357758125
 10
-41.43039043584386
 20
199.0683612317144
 10
-46.97662644348197
 20
197.72717763011235
 10
-52.522862156622125
 20
196.38599278981266
  0
LWPOLYLINE
  5
107
330
1F
100
AcDbEntity
  8
main_beam_width
100
AcDbPolyline
 90
10
 70
0
43
0.0
 10
-3.51505621679108
 20
217.81335477312797
 10
-9.060066845013367
 20
216.517559988975
 10
-14.605077797415255
 20
215.22176656836473
 10
-20.150089069481826
 20
213.9259744923068
 10
-25.695100656781346
 20
212.63018374216074
 10
-31.240112554963353
 20
211.33439429962797
 10
-36.78512475975681
 20
210.03860614674386
 10
-42.33013726696831
 20
208.7428192658704
 10
-47.87515007248031
 20
207.44703363968875
 10
-53.42016317224947
 20
206.15124925119198
  0
LWPOLYLINE
  5
108
330
1F
100
AcDbEntity
  8
main_beam_width
100
AcDbPolyline
 90
100
 70
0
43
0.0
 10
-3.5145714509018577
 20
217.8084299055187
 10
1.5501932728823244
 20
217.33555645786853
 10
6.614958241039619
 20
216.8626853966763
 10
11.679723446523287
 20
216.38981665312608
 10
16.744488882554595
 20
215.9169501610193
 10
21.809254542610216
 20
215.44408585665155
 10
26.874020420410346
 20
214.97122367869656
 10
31.938786509907413
 20
214.498363568096
 10
37.00355280527551
 20
214.02550546795618
 10
42.0683193009003
 20
213.5526493234495
 10
47.13308599136952
 20
213.0797950817218
 10
52.197852871463986
 20
212.6069426918046
 10
57.26261993614908
 20
212.13409210453145
 10
62.32738718056663
 20
211.66124327245944
 10
67.39215460002731
 20
211.18839614979424
 10
72.45692219000334
 20
210.71555069231923
 10
77.52168994612163
 20
210.24270685732816
 10
82.58645786415715
 20
209.7698646035613
 10
87.65122594002683
 20
209.29702389114485
 10
92.7159941697836
 20
208.8241846815331
 10
97.78076254961078
 20
208.35134693745383
 10
102.8455310758168
 20
207.87851062285608
 10
107.91029974482994
 20
207.4056757028607
 10
112.97506855319381
 20
206.93284214371297
 10
118.03983749756247
 20
206.46000991273792
 10
123.10460657469616
 20
205.98717897829732
 10
128.1693757814571
 20
205.51434930974918
 10
133.2341451148057
 20
205.04152087740863
 10
138.29891457179627
 20
204.56869365251092
 10
143.363684149574
 20
204.0958676071762
 10
148.4284538453712
 20
203.62304271437569
 10
153.49322365650391
 20
203.15021894789948
 10
158.55799358036896
 20
202.67739628232573
 10
163.6227636144408
 20
202.2045746929914
 10
168.6875337562689
 20
201.73175415596418
 10
173.75230400347445
 20
201.25893464801538
 10
178.81707435374844
 20
200.78611614659476
 10
183.8818448048486
 20
200.31329862980542
 10
188.94661535459727
 20
199.84048207638068
 10
194.01138600087893
 20
199.3676664656616
 10
199.07615674163804
 20
198.8948517775752
 10
204.14092757487717
 20
198.422037992614
 10
209.20569849865453
 20
197.94922509181632
 10
214.27046951108244
 20
197.47641305674708
 10
219.3352406103252
 20
197.00360186947998
 10
224.40001179459753
 20
196.5307915125799
 10
229.46478306216258
 20
196.05798196908623
 10
234.52955441133057
 20
195.58517322249673
 10
239.59432584045706
 20
195.1123652567525
 10
244.65909734794144
 20
194.6395580562228
 10
249.7238689322256
 20
194.16675160569108
 10
254.78864059179236
 20
193.69394589034144
 10
259.85341232516413
 20
193.22114089574535
 10
264.91818413090203
 20
192.74833660784918
 10
269.982956007604
 20
192.27553301296214
 10
275.047727953904
 20
191.80273009774453
 10
280.11249996847096
 20
191.32992784919676
 10
285.1772720500075
 20
190.8571262546483
 10
290.24204419724856
 20
190.38432530174774
 10
295.30681640896125
 20
189.91152497845232
 10
300.37158868394295
 20
189.4387252730188
 10
305.43636102102084
 20
188.96592617399395
 10
310.501133419051
 20
188.4931276702057
 10
315.5659058769171
 20
188.0203297507547
 10
320.6306783935303
 20
187.5475324050059
 10
325.6954509678278
 20
187.0747356225806
 10
330.7602235987723
 20
186.60193939334883
 10
335.82499628535123
 20
186.129143707422
 10
340.88976902657583
 20
185.6563485551457
 10
345.9545418214809
 20
185.1835539270927
 10
351.0193146691237
 20
184.7107598140565
 10
356.0840875685833
 20
184.2379662070448
 10
361.14886051896036
 20
183.76517309727336
 10
366.21363351937583
 20
183.29238047615996
 10
371.27840656897115
 20
182.81958833531863
 10
376.34317966690725
 20
182.34679666655427
 10
381.40795281236365
 20
181.87400546185683
 10
386.4727260045387
 20
181.40121471339666
 10
391.5374992426486
 20
180.92842441351897
 10
396.602272525927
 20
180.45563455473928
 10
401.66704585362424
 20
179.98284512973868
 10
406.7318192250074
 20
179.510056131359
 10
411.79659263935963
 20
179.03726755259885
 10
416.8613660959795
 20
178.56447938660912
 10
421.9261395941809
 20
178.09169162668886
 10
426.9909131332923
 20
177.6189042662813
 10
432.0556867126567
 20
177.14611729896998
 10
437.1204603316312
 20
176.6733307184752
 10
442.18523398958615
 20
176.20054451865013
 10
447.2500076859056
 20
175.7277586934775
 10
452.3147814199861
 20
175.25497323706614
 10
457.379555191237
 20
174.7821881436477
 10
462.44432899907997
 20
174.30940340757346
 10
467.5091028429485
 20
173.83661902331124
 10
472.57387672228765
 20
173.3638349854425
 10
477.63865063655396
 20
172.89105128865924
 10
482.70342458521486
 20
172.4182679277615
 10
487.7681985677487
 20
171.94548489765424
 10
492.8329725836443
 20
171.47270219334507
 10
497.89774663240047
 20
170.99991980994145
  0
LWPOLYLINE
  5
109
330
1F
100
AcDbEntity
  8
main_beam_width
100
AcDbPolyline
 90
100
 70
0
43
0.0
 10
-2.6062640487105813
 20
208.4517447131009
 10
2.4589414304216644
 20
207.88722114112565
 10
7.524146666868401
 20
207.32269519917298
 10
12.589351667616388
 20
206.75816695547306
 10
17.654556439387072
 20
206.19363647566504
 10
22.719760988649057
 20
205.62910382291892
 10
27.784965321629848
 20
205.06456905805027
 10
32.850169444327
 20
204.50003223962892
 10
37.91537336251859
 20
203.93549342408153
 10
42.98057708177317
 20
203.37095266578848
 10
48.04578060745917
 20
202.80641001717584
 10
53.11098394475378
 20
202.2418655288023
 10
58.17618709865142
 20
201.67731924944133
 10
63.24139007397167
 20
201.11277122615934
 10
68.3065928753669
 20
200.5482215043896
 10
73.37179550732944
 20
199.98367012800242
 10
78.43699797419833
 20
199.41911713937156
 10
83.50220028016591
 20
198.85456257943773
 10
88.5674024292839
 20
198.29000648776838
 10
93.63260442546921
 20
197.72544890261474
 10
98.69780627250954
 20
197.1608898609662
 10
103.76300797406867
 20
196.59632939860174
 10
108.82820953369146
 20
196.0317675501391
 10
113.8934109548086
 20
195.46720434908133
 10
118.95861224074122
 20
194.90263982786135
 10
124.0238133947052
 20
194.33807401788434
 10
129.08901441981538
 20
193.77350694956797
 10
134.15421531908925
 20
193.208938652381
 10
139.21941609545104
 20
192.64436915487988
 10
144.28461675173514
 20
192.07979848474383
 10
149.3498172906894
 20
191.51522666880817
 10
154.41501771497872
 20
190.95065373309623
 10
159.4802180271877
 20
190.38607970284988
 10
164.54541822982424
 20
189.8215046025585
 10
169.6106183253217
 20
189.2569284559869
 10
174.6758183160422
 20
188.6923512862018
 10
179.7410182042789
 20
188.12777311559742
 10
184.8062179922585
 20
187.5631939659196
 10
189.87141768214386
 20
186.99861385828908
 10
194.936617276036
 20
186.4340328132241
 10
200.0018167759764
 20
185.86945085066128
 10
205.06701618394922
 20
185.30486798997643
 10
210.13221550188297
 20
184.74028425000384
 10
215.1974147316529
 20
184.17569964905525
 10
220.26261387508237
 20
183.6111142049378
 10
225.32781293394493
 20
183.04652793497112
 10
230.39301190996596
 20
182.48194085600417
 10
235.45821080482412
 20
181.9173529844308
 10
240.5234096201532
 20
181.35276433620538
 10
245.58860835754334
 20
180.78817492685693
 10
250.6538070185426
 20
180.22358477150365
 10
255.7190056046585
 20
179.65899388486616
 10
260.78420411735885
 20
179.0944022812806
 10
265.8494025580738
 20
178.52980997471087
 10
270.9146009281962
 20
177.965216978761
 10
275.97979922908337
 20
177.40062330668627
 10
281.0449974620583
 20
176.83602897140457
 10
286.1101956284102
 20
176.27143398550697
 10
291.17539372939603
 20
175.70683836126804
 10
296.2405917662412
 20
175.1422421106556
 10
301.30578974014094
 20
174.57764524534036
 10
306.3709876522606
 20
174.013047776705
 10
311.4361855037374
 20
173.44844971585312
 10
316.5013832956806
 20
172.88385107361754
 10
321.5665810291726
 20
172.3192518605687
 10
326.6317787052696
 20
171.75465208702244
 10
331.6969763250028
 20
171.19005176304756
 10
336.7621738893787
 20
170.62545089847336
 10
341.8273713993798
 20
170.06084950289653
 10
346.892568855966
 20
169.49624758568814
 10
351.9577662600744
 20
168.93164515599997
 10
357.0229636126202
 20
168.3670422227713
 10
362.0881609144976
 20
167.80243879473457
 10
367.1533581665805
 20
167.23783488042176
 10
372.21855536972237
 20
166.67323048816974
 10
377.2837525247576
 20
166.10862562612604
 10
382.3489496325018
 20
165.54402030225418
 10
387.41414669375183
 20
164.97941452433867
 10
392.47934370928715
 20
164.41480829999023
 10
397.5445406798699
 20
163.85020163665038
 10
402.60973760624506
 20
163.28559454159637
 10
407.67493448914155
 20
162.72098702194543
 10
412.74013132927223
 20
162.1563790846594
 10
417.8053281273345
 20
161.59177073654863
 10
422.87052488401065
 20
161.02716198427643
 10
427.9357215999684
 20
160.46255283436278
 10
433.000918275861
 20
159.89794329318815
 10
438.0661149123279
 20
159.3333333669974
 10
443.1313115099952
 20
158.76872306190316
 10
448.19650806947567
 20
158.20411238388945
 10
453.26170459136904
 20
157.63950133881497
 10
458.3269010762629
 20
157.07488993241637
 10
463.3920975247324
 20
156.5102781703114
 10
468.457293937341
 20
155.9456660580021
 10
473.52249031464055
 20
155.38105360087755
 10
478.5876866571716
 20
154.81644080421694
 10
483.6528829654639
 20
154.25182767319217
 10
488.71807924003616
 20
153.6872142128708
 10
493.78327548139697
 20
153.12260042821842
 10
498.84847169004456
 20
152.55798632410142
  0
LWPOLYLINE
  5
10a
330
1F
100
AcDbEntity
  8
main_beam_width
100
AcDbPolyline
 90
33
 70
0
43
0.0
 10
497.8975864482312
 20
171.00262235652085
 10
500.8751927577557
 20
170.86674035650864
 10
503.8527990700109
 20
170.73085840685766
 10
506.83040538497414
 20
170.59497650715085
 10
509.8080117026231
 20
170.4590946569757
 10
512.7856180229358
 20
170.3232128559243
 10
515.7632243458901
 20
170.18733110359318
 10
518.7408306714644
 20
170.05144939958328
 10
521.7184369996377
 20
169.91556774349985
 10
524.6960433303883
 20
169.7796861349525
 10
527.6736496636955
 20
169.643804573555
 10
530.6512559995386
 20
169.50792305892534
 10
533.6288623378972
 20
169.37204159068557
 10
536.6064686787508
 20
169.23616016846185
 10
539.5840750220794
 20
169.10027879188436
 10
542.5616813678635
 20
168.96439746058715
 10
545.5392877160829
 20
168.82851617420823
 10
548.5168940667185
 20
168.69263493238947
 10
551.4945004197511
 20
168.55675373477655
 10
554.4721067751616
 20
168.42087258101878
 10
557.4497131329313
 20
168.2849914707693
 10
560.4273194930415
 20
168.1491104036849
 10
563.4049258554737
 20
168.01322937942578
 10
566.3825322202099
 20
167.87734839765594
 10
569.3601385872319
 20
167.74146745804276
 10
572.3377449565219
 20
167.6055865602571
 10
575.3153513280622
 20
167.46970570397326
 10
578.2929577018353
 20
167.33382488886886
 10
581.270564077824
 20
167.19794411462485
 10
584.2481704560112
 20
167.0620633809256
 10
587.2257768363799
 20
166.92618268745852
 10
590.2033832189134
 20
166.79030203391437
 10
593.1809896035948
 20
166.65442141998705
  0
LWPOLYLINE
  5
10b
330
1F
100
AcDbEntity
  8
main_beam_width
100
AcDbPolyline
 90
33
 70
0
43
0.0
 10
498.8483542684549
 20
152.56066464398535
 10
501.7989796776606
 20
152.37531088635006
 10
504.7496050841943
 20
152.18995707943546
 10
507.70023048807786
 20
152.00460322364566
 10
510.650855889333
 20
151.81924931938025
 10
513.601481287981
 20
151.63389536703457
 10
516.5521066840431
 20
151.4485413669997
 10
519.5027320775406
 20
151.26318731966242
 10
522.4533574684938
 20
151.07783322540539
 10
525.4039828569234
 20
150.89247908460712
 10
528.3546082428498
 20
150.7071248976421
 10
531.305233626293
 20
150.52177066488073
 10
534.2558590072729
 20
150.33641638668954
 10
537.2064843858091
 20
150.15106206343117
 10
540.1571097619211
 20
149.96570769546432
 10
543.107735135628
 20
149.78035328314402
 10
546.0583605069493
 20
149.5949988268214
 10
549.0089858759032
 20
149.40964432684407
 10
551.9596112425089
 20
149.2242897835558
 10
554.9102366067846
 20
149.03893519729695
 10
557.8608619687484
 20
148.85358056840414
 10
560.8114873284187
 20
148.66822589721065
 10
563.7621126858132
 20
148.48287118404616
 10
566.7127380409496
 20
148.297516429237
 10
569.6633633938455
 20
148.11216163310618
 10
572.6139887445181
 20
147.92680679597322
 10
575.5646140929847
 20
147.74145191815452
 10
578.515239439262
 20
147.55609699996316
 10
581.4658647833671
 20
147.370742041709
 10
584.4164901253165
 20
147.18538704369877
 10
587.3671154651267
 20
147.00003200623607
 10
590.3177408028141
 20
146.8146769296214
 10
593.2683661383945
 20
146.6293218141523
  0
LWPOLYLINE
  5
10c
330
1F
100
AcDbEntity
  8
main_beam_width
100
AcDbPolyline
 90
100
 70
0
43
0.0
 10
498.84799389852276
 20
152.56888362414085
 10
488.959750094516
 20
150.57835195317173
 10
479.07150655013857
 20
148.58781903394737
 10
469.1832632710457
 20
146.59728483927836
 10
459.295020263058
 20
144.60674934118046
 10
449.4067775321674
 20
142.61621251084532
 10
439.51853508454354
 20
140.62567431860992
 10
429.6302929265406
 20
138.6351347339248
 10
419.74205106470407
 20
136.64459372532053
 10
409.85380950577786
 20
134.654051260373
 10
399.9655682567122
 20
132.66350730566688
 10
390.07732732467133
 20
130.6729618267576
 10
380.18908671704196
 20
128.68241478813113
 10
370.30084644144176
 20
126.69186615316269
 10
360.41260650572883
 20
124.70131588407257
 10
350.5243669180107
 20
122.71076394188047
 10
340.63612768665473
 20
120.72021028635751
 10
330.74788882029856
 20
118.72965487597577
 10
320.8596503278608
 20
116.73909766785555
 10
310.97141221855287
 20
114.74853861770993
 10
301.08317450189105
 20
112.75797767978662
 10
291.19493718770883
 20
110.76741480680697
 10
281.30670028617095
 20
108.77684994990172
 10
271.41846380778657
 20
106.78628305854376
 10
261.5302277634246
 20
104.79571408047711
 10
251.6419921643292
 20
102.80514296164262
 10
241.75375702213546
 20
100.81456964609939
 10
231.8655223488874
 20
98.82399407594247
 10
221.97728815705554
 20
96.83341619121579
 10
212.08905445955588
 20
94.84283592982078
 10
202.20082126977036
 20
92.85225322741984
 10
192.31258860156757
 20
90.86166801733467
 10
182.42435646932543
 20
88.87108023043886
 10
172.53612488795451
 20
86.8804897950448
 10
162.64789387292294
 20
84.88989663678393
 10
152.75966344028285
 20
82.89930067848046
 10
142.87143360669808
 20
80.90870184001786
 10
132.98320438947331
 20
78.9181000381975
 10
123.09497580658541
 20
76.92749518658928
 10
113.20674787671648
 20
74.9368871953734
 10
103.31852061928836
 20
72.94627597117278
 10
93.43029405449965
 20
70.95566141687532
 10
83.54206820336518
 20
68.96504343144568
 10
73.65384308775724
 20
66.97442190972532
 10
63.765618730449894
 20
64.98379674222036
 10
53.877395155165765
 20
62.99316781487615
 10
43.98917238662603
 20
61.002535008837675
 10
34.10095045060307
 20
59.01189820019466
 10
24.21272937397756
 20
57.02125725971045
 10
14.324509184797773
 20
55.030612052533094
 10
4.436289912344016
 20
53.03996243788749
 10
-5.451928412803175
 20
51.04930826874722
 10
-15.340145758689916
 20
49.05864939148419
 10
-25.228362091911816
 20
47.067985645494524
 10
-35.116577377530156
 20
45.077316862798924
 10
-45.00479157898318
 20
43.08664286761502
 10
-54.8930046579913
 20
41.095963475899886
 10
-64.78121657445446
 20
39.10527849486005
 10
-74.66942728634362
 20
37.11458772242605
 10
-84.55763674958294
 20
35.12389094668908
 10
-94.44584491792452
 20
33.13318794529588
 10
-104.3340517428124
 20
31.14247848479859
 10
-114.22225717323809
 20
29.151762319955782
 10
-124.11046115558322
 20
27.16103919297952
 10
-133.99866363345114
 20
25.170308832724892
 10
-143.88686454748566
 20
23.179570953815258
 10
-153.7750638351736
 20
21.188825255698735
 10
-163.66326143063347
 20
19.19807142162816
 10
-173.55145726438624
 20
17.207309117558466
 10
-183.43965126310613
 20
15.216537990952295
 10
-193.32784334935215
 20
13.225757669486471
 10
-203.21603344127615
 20
11.234967759647468
 10
-213.10422145230513
 20
9.244167845207068
 10
-222.99240729079662
 20
7.253357485564021
 10
-232.88059085966384
 20
5.262536213939267
 10
-242.76877205596526
 20
3.2717035354083714
 10
-252.65695077045913
 20
1.280858924755185
 10
-262.5451268871155
 20
-0.7099981758742491
 10
-272.4333002825821
 20
-2.7008683595377003
 10
-282.3214708255993
 20
-4.691752257308224
 10
-292.2096383763598
 20
-6.682650541358276
 10
-302.09780278580246
 20
-8.673563928348088
 10
-311.985963894838
 20
-10.664493183152851
 10
-321.8741215334945
 20
-12.655439122970542
 10
-331.7622755199742
 20
-14.64640262185396
 10
-341.650425659612
 20
-16.637384615720702
 10
-351.53857174372195
 20
-18.628386107899935
 10
-361.426713548317
 20
-20.619408175283375
 10
-371.31485083268836
 20
-22.610451975159567
 10
-381.2029833378232
 20
-24.601518752819878
 10
-391.09111078464053
 20
-26.592609850040027
 10
-400.97923287201996
 20
-28.583726714556473
 10
-410.8673492745959
 20
-30.574870910674818
 10
-420.7554596402813
 20
-32.56604413117109
 10
-430.643563587485
 20
-34.55724821067202
 10
-440.5316607019765
 20
-36.54848514073128
 10
-450.41975053334346
 20
-38.539757086856866
 10
-460.30783259098274
 20
-40.531066407787755
 10
-470.1959063395501
 20
-42.522415677371804
 10
-480.08397119378185
 20
-44.513807709460146
  0
LWPOLYLINE
  5
10d
330
1F
100
AcDbEntity
  8
main_beam_width
100
AcDbPolyline
 90
100
 70
0
43
0.0
 10
497.8970907645567
 20
171.01098462781331
 10
488.0073330926034
 20
168.88762719374083
 10
478.11757516109776
 20
166.76427100755353
 10
468.22781696438125
 20
164.64091609645627
 10
458.33805849663
 20
162.5175624884497
 10
448.44829975184837
 20
160.3942102123599
 10
438.55854072386256
 20
158.27085929786878
 10
428.66878140631445
 20
156.1475097755462
 10
418.77902179265385
 20
154.0241616768833
 10
408.8892618761321
 20
151.9008150343275
 10
398.9995016497937
 20
149.777469881319
 10
389.1097411064689
 20
147.6541262523291
 10
379.21998023876506
 20
145.53078418290005
 10
369.3302190390582
 20
143.40744370968716
 10
359.4404574994836
 20
141.2841048705025
 10
349.5506956119264
 20
139.16076770436086
 10
339.66093336801174
 20
137.03743225152803
 10
329.7711707590937
 20
134.91409855357125
 10
319.8814077762447
 20
132.7907666534121
 10
309.99164441024453
 20
130.66743659538216
 10
300.1018806515667
 20
128.54410842528128
 10
290.2121164903672
 20
126.42078219043879
 10
280.3223519164701
 20
124.29745793977796
 10
270.43258691935426
 20
122.17413572388338
 10
260.54282148813815
 20
120.05081559507228
 10
250.65305561156393
 20
117.92749760746901
 10
240.76328927798207
 20
115.80418181708389
 10
230.8735224753332
 20
113.68086828189583
 10
220.98375519113046
 20
111.55755706193958
 10
211.0939874124403
 20
109.43424821939756
 10
201.20421912586235
 20
107.31094181869662
 10
191.31445031750815
 20
105.18763792661015
 10
181.42468097297882
 20
103.06433661236578
 10
171.53491107734126
 20
100.94103794775894
 10
161.6451406151035
 20
98.81774200727305
 10
151.75536957018798
 20
96.6944488682063
 10
141.86559792590364
 20
94.57115861080555
 10
131.97582566491707
 20
92.44787131840847
 10
122.08605276922042
 20
90.32458707759322
 10
112.19627922009879
 20
88.20130597833752
 10
102.30650499809546
 20
86.07802811418685
 10
92.4167300829743
 20
83.95475358243291
 10
82.52695445368057
 20
81.83148248430264
 10
72.63717808829972
 20
79.70821492515903
 10
62.7474009640121
 20
77.58495101471429
 10
52.85762305704661
 20
75.46169086725612
 10
42.96784434263046
 20
73.33843460188848
 10
33.07806479493552
 20
71.21518234278759
 10
23.188284387022474
 20
69.09193421947444
 10
13.298503090779679
 20
66.96869036710494
 10
3.4087208768590616
 20
64.84545092677934
 10
-6.481062285392247
 20
62.72221604587201
 10
-16.370846428005457
 20
60.598985878383516
 10
-26.260631584467898
 20
58.4757605853166
 10
-36.150417789807655
 20
56.35254033507804
 10
-46.04020508068118
 20
54.22932530390838
 10
-55.92999349547079
 20
52.106115676341894
 10
-65.81978307438563
 20
49.98291164569942
 10
-75.70957385957323
 20
47.85971341461645
 10
-85.5993658952352
 20
45.73652119561
 10
-95.4891592277558
 20
43.61333521168692
 10
-105.37895390583707
 20
41.49015569699789
 10
-115.26874998064484
 20
39.36698289754087
 10
-125.1585475059669
 20
37.24381707191811
 10
-135.04834653838228
 20
35.12065849215215
 10
-144.93814713744425
 20
32.997507444565755
 10
-154.82794936587797
 20
30.874364230731672
 10
-164.71775328979433
 20
28.751229168499233
 10
-174.60755897892034
 20
26.62810259310458
 10
-184.49736650684935
 20
24.504984858372797
 10
-194.38717595131217
 20
22.381876338020884
 10
-204.27698739447143
 20
20.2587774270718
 10
-214.1668009232398
 20
18.135688543390234
 10
-224.05661662962927
 20
16.012610129352733
 10
-233.94643461112807
 20
13.889542653666458
 10
-243.83625497111305
 20
11.766486613351418
 10
-253.72607781930012
 20
9.643442535904045
 10
-263.61590327223627
 20
7.520410981661563
 10
-273.50573145383686
 20
5.397392546389268
 10
-283.39556249597564
 20
3.2743878641152135
 10
-293.2853965391321
 20
1.1513976102406898
 10
-303.1752337331016
 20
-0.9715774950422862
 10
-313.06507423777794
 20
-3.094536682990201
 10
-322.95491822401556
 20
-5.217479132163722
 10
-332.8447658745808
 20
-7.340403963852992
 10
-342.73461738520325
 20
-9.463310237020405
 10
-352.62447296574175
 20
-11.586196942700466
 10
-362.5143328414755
 20
-13.70906299778718
 10
-372.40419725454035
 20
-15.831907238131215
 10
-382.29406646552724
 20
-17.95472841085452
 10
-392.18394075526487
 20
-20.07752516577879
 10
-402.07382042681206
 20
-22.20029604584614
 10
-411.9637058076895
 20
-24.323039476392445
 10
-421.8535972523825
 20
-26.44575375310995
 10
-431.7434951451569
 20
-28.568437028510864
 10
-441.6333999032327
 20
-30.691087296669888
 10
-451.52331198036956
 20
-32.813702375987354
 10
-461.4132318709254
 20
-34.9362798896691
 10
-471.3031601144675
 20
-37.05881724356508
 10
-481.1930973010183
 20
-39.181311600943374
  0
LWPOLYLINE
  5
10e
330
1F
100
AcDbEntity
  8
main_beam_width
100
AcDbPolyline
 90
100
 70
0
43
0.0
 10
593.181013922036
 20
166.64884807919955
 10
603.2679299233489
 20
165.96068814115034
 10
613.3548459990252
 20
165.27252912415003
 10
623.4417621463509
 20
164.5843709945858
 10
633.5286783627429
 20
163.89621372046048
 10
643.6155946457402
 20
163.20805727129667
 10
653.7025109929978
 20
162.5199016180476
 10
663.7894274022793
 20
161.83174673301409
 10
673.8763438714509
 20
161.14359258976745
 10
683.9632603984755
 20
160.45543916307733
 10
694.0501769814077
 20
159.7672864288447
 10
704.1370936183877
 20
159.07913436403894
 10
714.2240103076377
 20
158.3909829466396
 10
724.3109270474571
 20
157.70283215558135
 10
734.3978438362179
 20
157.01468197070284
 10
744.4847606723617
 20
156.3265323726988
 10
754.5716775543951
 20
155.63838334307502
 10
764.658594480887
 20
154.95023486410616
 10
774.7455114504654
 20
154.26208691879634
 10
784.8324284618138
 20
153.57393949084184
 10
794.9193455136691
 20
152.88579256459636
 10
805.0062626048182
 20
152.19764612503818
 10
815.0931797340965
 20
151.50950015773918
 10
825.1800969003846
 20
150.82135464883606
 10
835.2670141026064
 20
150.13320958500273
 10
845.3539313397276
 20
149.44506495342466
 10
855.4408486107527
 20
148.75692074177456
 10
865.5277659147242
 20
148.06877693818944
 10
875.6146832507196
 20
147.38063353124892
 10
885.7016006178515
 20
146.6924905099548
 10
895.7885180152638
 20
146.00434786371176
 10
905.8754354421327
 20
145.316205582309
 10
915.962352897663
 20
144.62806365590313
 10
926.0492703810886
 20
143.93992207500156
 10
936.13618789167
 20
143.2517808304472
 10
946.223105428694
 20
142.56363991340362
 10
956.3100229914716
 20
141.8754993153413
 10
966.3969405793382
 20
141.1873590280243
 10
976.4838581916513
 20
140.49921904349773
 10
986.5707758277905
 20
139.81107935407599
 10
996.657693487156
 20
139.12293995233134
 10
1006.7446111691683
 20
138.43480083108318
 10
1016.8315288732663
 20
137.74666198338795
 10
1026.9184465989083
 20
137.05852340252937
 10
1037.0053643455694
 20
136.37038508200928
 10
1047.0922821127417
 20
135.68224701553868
 10
1057.179199899934
 20
134.99410919702964
 10
1067.2661177066702
 20
134.3059716205871
 10
1077.3530355324892
 20
133.6178342805014
 10
1087.4399533769445
 20
132.92969717124106
 10
1097.5268712396035
 20
132.24156028744588
 10
1107.6137891200465
 20
131.5534236239203
 10
1117.7007070178663
 20
130.86528717562717
 10
1127.7876249326698
 20
130.17715093768177
 10
1137.8745428640732
 20
129.4890149053461
 10
1147.961460811706
 20
128.8008790740233
 10
1158.0483787752082
 20
128.11274343925263
 10
1168.13529675423
 20
127.4246079967043
 10
1178.2222147484317
 20
126.73647274217475
 10
1188.3091327574843
 20
126.04833767158213
 10
1198.3960507810675
 20
125.36020278096191
 10
1208.4829688188702
 20
124.67206806646256
 10
1218.5698868705902
 20
123.98393352434178
 10
1228.656804935934
 20
123.29579915096254
 10
1238.743723014616
 20
122.60766494278933
 10
1248.830641106359
 20
121.9195308963848
 10
1258.917559210893
 20
121.23139700840623
 10
1269.0044773279556
 20
120.54326327560243
 10
1279.0913954572911
 20
119.85512969481051
 10
1289.1783135986511
 20
119.166996262953
 10
1299.2652317517939
 20
118.47886297703488
 10
1309.3521499164844
 20
117.79072983414093
 10
1319.439068092493
 20
117.10259683143309
 10
1329.5259862795967
 20
116.41446396614785
 10
1339.6129044775785
 20
115.72633123559385
 10
1349.6998226862265
 20
115.03819863714958
 10
1359.7867409053342
 20
114.3500661682611
 10
1369.8736591347013
 20
113.66193382643986
 10
1379.9605773741316
 20
112.97380160926063
 10
1390.0474956234343
 20
112.28566951435953
 10
1400.1344138824234
 20
111.59753753943205
 10
1410.2213321509175
 20
110.90940568223127
 10
1420.30825042874
 20
110.22127394056596
 10
1430.3951687157178
 20
109.533142312299
 10
1440.4820870116826
 20
108.84501079534563
 10
1450.5690053164703
 20
108.15687938767188
 10
1460.655923629921
 20
107.46874808729297
 10
1470.742841951878
 20
106.78061689227201
 10
1480.8297602821888
 20
106.09248580071836
 10
1490.916678620704
 20
105.40435481078642
 10
1501.0035969672786
 20
104.71622392067412
 10
1511.0905153217705
 20
104.02809312862185
 10
1521.1774336840404
 20
103.33996243291108
 10
1531.2643520539532
 20
102.65183183186316
 10
1541.3512704313769
 20
101.96370132383824
 10
1551.4381888161815
 20
101.27557090723415
 10
1561.5251072082406
 20
100.5874405804853
 10
1571.612025607431
 20
99.89931034206164
 10
1581.6989440136317
 20
99.2111801904676
 10
1591.7858624267249
 20
98.52305012424127
  0
LWPOLYLINE
  5
10f
330
1F
100
AcDbEntity
  8
main_beam_width
100
AcDbPolyline
 90
100
 70
0
43
0.0
 10
593.2683905329276
 20
146.62373103449423
 10
603.3179698636733
 20
145.68633214354142
 10
613.367549120767
 20
144.74893234035153
 10
623.4171283068869
 20
143.81153165809357
 10
633.4667074245826
 20
142.87413012834804
 10
643.5162864762833
 20
141.93672778120083
 10
653.5658654643044
 20
140.99932464533066
 10
663.6154443908542
 20
140.06192074809022
 10
673.6650232580404
 20
139.1245161155821
 10
683.7146020678748
 20
138.1871107727293
 10
693.7641808222802
 20
137.24970474334114
 10
703.8137595230935
 20
136.31229805017475
 10
713.8633381720722
 20
135.37489071499266
 10
723.9129167708969
 20
134.43748275861626
 10
733.9624953211772
 20
133.50007420097648
 10
744.0120738244539
 20
132.56266506116071
 10
754.0616522822037
 20
131.62525535745684
 10
764.1112306958418
 20
130.68784510739496
 10
774.1608090667255
 20
129.75043432778594
 10
784.210387396157
 20
128.81302303475812
 10
794.2599656853861
 20
127.87561124379145
 10
804.3095439356129
 20
126.93819896974992
 10
814.35912214799
 20
126.00078622691171
 10
824.4087003236256
 20
125.06337302899789
 10
834.4582784635843
 20
124.12595938919927
 10
844.5078565688906
 20
123.18854532020181
 10
854.5574346405298
 20
122.25113083421049
 10
864.6070126794502
 20
121.31371594297191
 10
874.6565906865651
 20
120.37630065779564
 10
884.7061686627538
 20
119.43888498957433
 10
894.7557466088638
 20
118.50146894880271
 10
904.8053245257115
 20
117.56405254559566
 10
914.8549024140844
 20
116.62663578970516
 10
924.9044802747419
 20
115.68921869053655
 10
934.9540581084166
 20
114.75180125716363
 10
945.0036359158152
 20
113.81438349834328
 10
955.0532136976207
 20
112.87696542252905
 10
965.1027914544918
 20
111.93954703788434
 10
975.1523691870653
 20
111.00212835229456
 10
985.2019468959566
 20
110.06470937337902
 10
995.2515245817597
 20
109.12729010850195
 10
1005.30110224505
 20
108.18987056478316
 10
1015.3506798863832
 20
107.25245074910802
 10
1025.4002575062968
 20
106.31503066813713
 10
1035.4498351053116
 20
105.37761032831528
 10
1045.499412683931
 20
104.44018973588031
 10
1055.5489902426427
 20
103.50276889687113
 10
1065.5985677819187
 20
102.56534781713577
 10
1075.648145302216
 20
101.62792650233877
 10
1085.6977228039786
 20
100.69050495796833
 10
1095.747300287635
 20
99.75308318934314
 10
1105.796877753602
 20
98.81566120161887
 10
1115.8464552022833
 20
97.8782389997943
 10
1125.8960326340698
 20
96.94081658871742
 10
1135.9456100493414
 20
96.00339397309085
 10
1145.9951874484666
 20
95.06597115747738
 10
1156.044764831803
 20
94.12854814630512
 10
1166.0943421996974
 20
93.19112494387244
 10
1176.1439195524868
 20
92.25370155435257
 10
1186.1934968904984
 20
91.31627798179832
 10
1196.24307421405
 20
90.37885423014622
 10
1206.2926515234506
 20
89.44143030322073
 10
1216.342228819
 20
88.50400620473822
 10
1226.39180610099
 20
87.5665819383107
 10
1236.441383369704
 20
86.62915750744955
 10
1246.4909606254175
 20
85.69173291556888
 10
1256.5405378683988
 20
84.75430816598897
 10
1266.5901150989089
 20
83.81688326193947
 10
1276.6396923172008
 20
82.87945820656236
 10
1286.689269523522
 20
81.94203300291508
 10
1296.738846718112
 20
81.00460765397318
 10
1306.7884239012058
 20
80.06718216263319
 10
1316.8380010730298
 20
79.12975653171512
 10
1326.8875782338066
 20
78.19233076396497
 10
1336.9371553837516
 20
77.2549048620573
 10
1346.9867325230757
 20
76.3174788285973
 10
1357.0363096519834
 20
75.38005266612322
 10
1367.0858867706743
 20
74.44262637710837
 10
1377.1354638793434
 20
73.5051999639633
 10
1387.18504097818
 20
72.5677734290377
 10
1397.2346180673699
 20
71.6303467746223
 10
1407.284195147092
 20
70.69292000295079
 10
1417.3337722175233
 20
69.75549311620149
 10
1427.3833492788353
 20
68.81806611649912
 10
1437.4329263311947
 20
67.88063900591644
 10
1447.4825033747654
 20
66.94321178647573
 10
1457.5320804097064
 20
66.00578446015045
 10
1467.5816574361736
 20
65.06835702886666
 10
1477.631234454318
 20
64.13092949450434
 10
1487.6808114642888
 20
63.19350185889895
 10
1497.7303884662297
 20
62.256074123842545
 10
1507.7799654602825
 20
61.31864629108517
 10
1517.8295424465853
 20
60.381218362336035
 10
1527.8791194252728
 20
59.44379033926475
 10
1537.9286963964767
 20
58.50636222350239
 10
1547.9782733603254
 20
57.56893401664265
 10
1558.027850316945
 20
56.63150572024292
 10
1568.0774272664582
 20
55.694077335825234
 10
1578.127004208985
 20
54.75664886487743
 10
1588.1765811446433
 20
53.81922030885387
  0
LWPOLYLINE
  5
110
330
1F
100
AcDbEntity
  8
main_beam_width
100
AcDbPolyline
 90
100
 70
0
43
0.0
 10
-52.522577941362215
 20
196.38289969746694
 10
-62.15197802784773
 20
193.36575645161497
 10
-71.78137569695949
 20
190.34860533508183
 10
-81.41077103175063
 20
187.33144661827868
 10
-91.04016411152362
 20
184.31428055940486
 10
-100.66955501203901
 20
181.29710740512778
 10
-110.29894380571045
 20
178.2799273912176
 10
-119.928330561787
 20
175.26274074314094
 10
-129.55771534652362
 20
172.24554767661624
 10
-139.18709822334097
 20
169.2283483981335
 10
-148.81647925297486
 20
166.21114310544132
 10
-158.44585849361656
 20
163.19393198800353
 10
-168.07523600104432
 20
160.17671522742754
 10
-177.7046118287469
 20
157.1594929978663
 10
-187.33398602803956
 20
154.1422654663962
 10
-196.96335864817303
 20
151.1250327933719
 10
-206.59272973643624
 20
148.1077951327603
 10
-216.2220993382527
 20
145.09055263245486
 10
-225.85146749727124
 20
142.0733054345715
 10
-235.4808342554521
 20
139.05605367572727
 10
-245.11019965314722
 20
136.03879748730333
 10
-254.7395637291765
 20
133.0215369956929
 10
-264.36892652089995
 20
130.00427232253537
 10
-273.9982880642851
 20
126.98700358493691
 10
-283.62764839397136
 20
123.96973089567982
 10
-293.25700754333104
 20
120.95245436341949
 10
-302.8863655445259
 20
117.93517409287134
 10
-312.51572242856207
 20
114.91789018498734
 10
-322.145078225341
 20
111.90060273712334
 10
-331.7744329637085
 20
108.88331184319753
 10
-341.40378667150037
 20
105.86601759384055
 10
-351.03313937558676
 20
102.84872007653777
 10
-360.662491101913
 20
99.83141937576457
 10
-370.2918418755395
 20
96.81411557311421
 10
-379.92119172067873
 20
93.79680874741963
 10
-389.55054066073075
 20
90.77949897486909
 10
-399.17988871831716
 20
87.76218632911588
 10
-408.8092359153133
 20
84.74487088138268
 10
-418.4385822728781
 20
81.727552700561
 10
-428.06792781148357
 20
78.71023185330556
 10
-437.69727255094256
 20
75.69290840412418
 10
-447.32661651043463
 20
72.67558241546345
 10
-456.9559597085314
 20
69.65825394779034
 10
-466.5853021632205
 20
66.64092305966973
 10
-476.2146438919276
 20
63.62358980783886
 10
-485.8439849115392
 20
60.60625424727753
 10
-495.4733252384229
 20
57.588916431275976
 10
-505.10266488844644
 20
54.571576411498846
 10
-514.7320038769979
 20
51.554234238046895
 10
-524.3613422190024
 20
48.536889959515385
 10
-533.9906799289404
 20
45.519543623050495
 10
-543.6200170208633
 20
42.50219527440247
 10
-553.2493535084101
 20
39.484844957977074
 10
-562.8786894048213
 20
36.4674927168846
 10
-572.5080247229539
 20
33.4501385929866
 10
-582.1373594752957
 20
30.43278262694063
 10
-591.7666936739776
 20
27.415424858243526
 10
-601.3960273307862
 20
24.398065325272167
 10
-611.0253604571769
 20
21.380704065322888
 10
-620.6546930642844
 20
18.363341114649295
 10
-630.2840251629343
 20
15.345976508498449
 10
-639.9133567636538
 20
12.328610281145346
 10
-649.5426878766818
 20
9.311242465926323
 10
-659.1720185119781
 20
6.293873095270991
 10
-668.8013486792345
 20
3.276502200732528
 10
-678.4306783878817
 20
0.2591298130173447
 10
-688.0600076470993
 20
-2.758244037986801
 10
-697.6893364658241
 20
-5.775619323183795
 10
-707.318664852757
 20
-8.792996014243077
 10
-716.9479928163722
 20
-11.810374083574688
 10
-726.5773203649235
 20
-14.82775350430529
 10
-736.2066475064515
 20
-17.84513425025497
 10
-745.8359742487908
 20
-20.862516295915068
 10
-755.4653005995767
 20
-23.87989961642692
 10
-765.0946265662509
 20
-26.897284187561183
 10
-774.7239521560675
 20
-29.91466998569811
 10
-784.3532773761001
 20
-32.932056987808515
 10
-793.9826022332456
 20
-35.94944517143547
 10
-803.6119267342314
 20
-38.96683451467653
 10
-813.2412508856189
 20
-41.98422499616702
 10
-822.8705746938107
 20
-45.00161659506327
 10
-832.4998981650525
 20
-48.01900929102709
 10
-842.1292213054411
 20
-51.03640306421056
 10
-851.7585441209262
 20
-54.05379789524126
 10
-861.3878666173159
 20
-57.071193765208115
 10
-871.0171888002811
 20
-60.08859065564789
 10
-880.6465106753593
 20
-63.105988548531805
 10
-890.2758322479576
 20
-66.12338742625303
 10
-899.9051535233584
 20
-69.14078727161436
 10
-909.5344745067214
 20
-72.15818806781635
 10
-919.1637952030875
 20
-75.17558979844594
 10
-928.7931156173826
 20
-78.19299244746539
 10
-938.4224357544202
 20
-81.21039599920168
 10
-948.0517556189055
 20
-84.22780043833598
 10
-957.6810752154377
 20
-87.24520574989405
 10
-967.3103945485129
 20
-90.26261191923638
 10
-976.9397136225275
 20
-93.28001893204888
 10
-986.5690324417808
 20
-96.29742677433414
 10
-996.1983510104775
 20
-99.3148354324024
 10
-1005.8276693327299
 20
-102.33224489286344
  0
LWPOLYLINE
  5
111
330
1F
100
AcDbEntity
  8
main_beam_width
100
AcDbPolyline
 90
100
 70
0
43
0.0
 10
-53.41987994567938
 20
206.14816691867983
 10
-63.102171244512284
 20
203.23410228771775
 10
-72.78446498735467
 20
200.32004561415957
 10
-82.46676108988521
 20
197.4059966234651
 10
-92.14905947160634
 20
194.49195505354388
 10
-101.83136005563054
 20
191.5779206540592
 10
-111.51366276848071
 20
188.66389318577853
 10
-121.19596753990375
 20
185.74987241996604
 10
-130.87827430269604
 20
182.83585813781474
 10
-140.56058299254028
 20
179.92185012991507
 10
-150.24289354785233
 20
177.00784819575676
 10
-159.92520590963832
 20
174.09385214326238
 10
-169.60752002135985
 20
171.1798617883498
 10
-179.28983582880795
 20
168.26587695452113
 10
-188.97215327998472
 20
165.35189747247736
 10
-198.65447232499193
 20
162.4379231797557
 10
-208.33679291592625
 20
159.52395392038866
 10
-218.0191150067809
 20
156.60998954458358
 10
-227.70143855335274
 20
153.6960299084205
 10
-237.3837635131552
 20
150.78207487356798
 10
-247.0660898453356
 20
147.86812430701468
 10
-256.74841751059773
 20
144.9541780808168
 10
-266.4307464711286
 20
142.04023607185957
 10
-276.1130766905289
 20
139.1262981616316
 10
-285.79540813374825
 20
136.21236423601263
 10
-295.4777407670229
 20
133.29843418507204
 10
-305.16007455781755
 20
130.38450790287877
 10
-314.8424094747701
 20
127.47058528732153
 10
-324.5247454876392
 20
124.55666623993828
 10
-334.207082567255
 20
121.64275066575505
 10
-343.88942068547175
 20
118.72883847313307
 10
-353.5717598151238
 20
115.81492957362387
 10
-363.254099929983
 20
112.9010238818319
 10
-372.9364410047188
 20
109.98712131528418
 10
-382.6187830148605
 20
107.07322179430645
 10
-392.3011259367606
 20
104.15932524190569
 10
-401.9834697475611
 20
101.24543158365843
 10
-411.66581442516025
 20
98.33154074760463
 10
-421.3481599481822
 20
95.41765266414671
 10
-431.030506295947
 20
92.50376726595356
 10
-440.712853448443
 20
89.5898844878691
 10
-450.39520138629956
 20
86.67600426682539
 10
-460.07755009076226
 20
83.76212654175963
 10
-469.75989954366787
 20
80.84825125353532
 10
-479.4422497274221
 20
77.93437834486693
 10
-489.1246006249769
 20
75.02050776024812
 10
-498.8069522198096
 20
72.10663944588345
 10
-508.4893044959031
 20
69.19277334962278
 10
-518.1716574377265
 20
66.27890942089917
 10
-527.8540110302168
 20
63.365047610669244
 10
-537.5363652587612
 20
60.451187871356225
 10
-547.218720109181
 20
57.53733015679571
 10
-556.9010755677155
 20
54.62347442218363
 10
-566.583431621006
 20
51.70962062402665
 10
-576.2657882560823
 20
48.79576872009453
 10
-585.9481454603475
 20
45.88191866937471
 10
-595.6305032215664
 20
42.96807043202888
 10
-605.3128615278506
 20
40.0542239693511
 10
-614.9952203676478
 20
37.14037924372807
 10
-624.6775797297294
 20
34.22653621860078
 10
-634.3599396031791
 20
31.312694858427943
 10
-644.0422999773832
 20
28.398855128650784
 10
-653.7246608420185
 20
25.485016995659443
 10
-663.4070221870436
 20
22.571180426760566
 10
-673.0893840026895
 20
19.657345390146492
 10
-682.7717462794494
 20
16.74351185486514
 10
-692.454109008071
 20
13.829679790791833
 10
-702.1364721795479
 20
10.91584916860172
 10
-711.8188357851104
 20
8.00201995974334
 10
-721.5011998162192
 20
5.0881921364134275
 10
-731.1835642645575
 20
2.1743656715326187
 10
-740.8659291220233
 20
-0.7394594612781247
 10
-750.5482943807227
 20
-3.6532832877197166
 10
-760.2306600329636
 20
-6.567105832836845
 10
-769.9130260712492
 20
-9.48092712103854
 10
-779.5953924882716
 20
-12.394747176118381
 10
-789.2777592769061
 20
-15.308566021273645
 10
-798.9601264302052
 20
-18.222383679123848
 10
-808.6424939413938
 20
-21.13620017172868
 10
-818.3248618038631
 20
-24.050015520605207
 10
-828.0072300111663
 20
-26.9638297467443
 10
-837.6895985570126
 20
-29.877642870626776
 10
-847.3719674352636
 20
-32.79145491223867
 10
-857.0543366399286
 20
-35.70526589108619
 10
-866.7367061651593
 20
-38.61907582620988
 10
-876.4190760052463
 20
-41.53288473619848
 10
-886.1014461546152
 20
-44.446692639202396
 10
-895.783816607822
 20
-47.36049955294616
 10
-905.4661873595497
 20
-50.27430549474129
 10
-915.1485584046048
 20
-53.18811048149782
 10
-924.8309297379132
 20
-56.101914529736256
 10
-934.5133013545167
 20
-59.015717655598294
 10
-944.1956732495711
 20
-61.929519874858144
 10
-953.8780454183412
 20
-64.84332120293226
 10
-963.5604178561986
 20
-67.75712165489014
 10
-973.2427905586186
 20
-70.67092124546335
 10
-982.9251635211776
 20
-73.5847199890555
 10
-992.6075367395495
 20
-76.49851789975085
 10
-1002.289910209504
 20
-79.41231499132343
 10
-1011.9722839269032
 20
-82.32611127724535
  0
LWPOLYLINE
  5
112
330
1F
100
AcDbEntity
  8
main_beam_width
100
AcDbPolyline
 90
10
 70
0
43
0.0
 10
-51.93814540680586
 20
190.02256633673096
 10
-161.00110869856834
 20
211.5931493482884
 10
-270.06690139186406
 20
233.14944189607277
 10
-379.13537162547607
 20
254.69221098582605
 10
-488.20632826457995
 20
276.22242198257305
 10
-597.2795567921683
 20
297.7411583477757
 10
-706.3548339033038
 20
319.24954792811235
 10
-815.4319392247198
 20
340.7487037632648
 10
-924.5106636093575
 20
362.23968219268556
 10
-1033.5908142136016
 20
383.72345721199383
  0
LWPOLYLINE
  5
113
330
1F
100
AcDbEntity
  8
main_beam_width
100
AcDbPolyline
 90
10
 70
0
43
0.0
 10
-52.313401235827655
 20
194.10644604399232
 10
-161.24098599703652
 20
215.6964317665721
 10
-270.1657490897622
 20
237.30066889559342
 10
-379.0878422589626
 20
258.91839101250594
 10
-488.00745621422806
 20
280.5486349000141
 10
-596.924804830353
 20
302.1903203402818
 10
-705.8401106512449
 20
323.8423233303652
 10
-814.7535932550983
 20
345.50353484625793
 10
-923.6654610217967
 20
367.1729024232783
 10
-1032.5759060938942
 20
388.84945560666085
  0
LWPOLYLINE
  5
114
330
1F
100
AcDbEntity
  8
main_beam_width
100
AcDbPolyline
 90
10
 70
0
43
0.0
 10
-2.643052807471362
 20
208.83585735310837
 10
24.77778943246942
 20
219.6939464420461
 10
52.19824303881827
 20
230.5530167334075
 10
79.61830713448848
 20
241.41307044161667
 10
107.03798146821549
 20
252.27410820105362
 10
134.45726641657672
 20
263.1361290609549
 10
161.87616298096538
 20
273.9991304930533
 10
189.29467277957545
 20
284.86310841181484
 10
216.71279803454593
 20
295.7280572068954
 10
244.13054155450146
 20
306.5939697872216
  0
LWPOLYLINE
  5
115
330
1F
100
AcDbEntity
  8
main_beam_width
100
AcDbPolyline
 90
10
 70
0
43
0.0
 10
-2.253419528307929
 20
204.7447531794813
 10
25.288710010663443
 20
215.6563922116042
 10
52.83123164069671
 20
226.56704131205828
 10
80.37414627098856
 20
237.47669818534973
 10
107.9174541737401
 20
248.385362144239
 10
135.4611549819492
 20
259.2930341153145
 10
163.00524769238623
 20
270.1997166314797
 10
190.54973067369696
 20
281.105413811495
 10
218.09460167948072
 20
292.0101313269592
 10
245.63985786610124
 20
302.91387635734134
  0
LWPOLYLINE
  5
116
330
1F
100
AcDbEntity
  8
main_beam_width
100
AcDbPolyline
 90
10
 70
0
43
0.0
 10
244.1305405174427
 20
306.59397231583216
 10
249.26326570054678
 20
308.65014393849424
 10
254.3959845064812
 20
310.70633148715586
 10
259.52869694343593
 20
312.7625349413642
 10
264.66140301975105
 20
314.8187542802911
 10
269.7941027439157
 20
316.8749894827361
 10
274.92679612456715
 20
318.931240527129
 10
280.0594831704898
 20
320.9875073915324
 10
285.1921638906136
 20
323.04379005364467
 10
290.32483829401355
 20
325.10008849080253
  0
LWPOLYLINE
  5
117
330
1F
100
AcDbEntity
  8
main_beam_width
100
AcDbPolyline
 90
10
 70
0
43
0.0
 10
245.63985682883398
 20
302.9138788864603
 10
250.76309487088344
 20
304.9644537894762
 10
255.88633926497982
 20
307.01501282923226
 10
261.0095900029812
 20
309.065556026062
 10
266.13284707659653
 20
311.1160834006712
 10
271.25611047738664
 20
313.1665949741349
 10
276.37938019676574
 20
315.2170907678951
 10
281.50265622600193
 20
317.26757080375813
 10
286.6259385562189
 20
319.31803510389165
 10
291.74922717839627
 20
321.36848369082225
  0
LWPOLYLINE
  5
118
330
1F
100
AcDbEntity
  8
main_beam_width
100
AcDbPolyline
 90
10
 70
0
43
0.0
 10
291.74922026698005
 20
321.36850176633965
 10
286.5610429498695
 20
319.4762735582566
 10
281.3728713490796
 20
317.5840296124625
 10
276.1847054025426
 20
315.69177009983713
 10
270.9965450489484
 20
313.79949518917414
 10
265.80839022773614
 20
311.9072050472054
 10
260.620240879085
 20
310.0148998386243
 10
255.43209694390612
 20
308.1225797261095
 10
250.24395836383388
 20
306.2302448703487
 10
245.05582508121734
 20
304.33789543006174
  0
LWPOLYLINE
  5
119
330
1F
100
AcDbEntity
  8
main_beam_width
100
AcDbPolyline
 90
10
 70
0
43
0.0
 10
290.32483201001804
 20
325.1001049818172
 10
285.12085106217836
 20
323.2176641850287
 10
279.91686437502636
 20
321.33523918925044
 10
274.7128720110072
 20
319.45282982256316
 10
269.50887403180235
 20
317.5704359151507
 10
264.3048704983381
 20
315.68805729927556
 10
259.10086147079437
 20
313.8056938092553
 10
253.89684700861338
 20
311.92334528143823
 10
248.69282717050828
 20
310.04101155418016
 10
243.4888020144718
 20
308.15869246782034
  0
LWPOLYLINE
  5
11a
330
1F
100
AcDbEntity
  8
main_beam_width
100
AcDbPolyline
 90
10
 70
0
43
0.0
 10
245.0557775015296
 20
304.3380114413278
 10
217.4273960753628
 20
294.8129737000553
 10
189.79928530535696
 20
285.28714585233496
 10
162.17142401579
 20
275.7605897148811
 10
134.54379294505853
 20
266.2333615166633
 10
106.9163745664368
 20
256.7055124221513
 10
79.2891529232502
 20
247.1770890124817
 10
51.662113478258554
 20
237.6481337251408
 10
24.035242976695876
 20
228.1186852537834
 10
-3.591470677806047
 20
218.58877891043988
  0
LWPOLYLINE
  5
11b
330
1F
100
AcDbEntity
  8
main_beam_width
100
AcDbPolyline
 90
10
 70
0
43
0.0
 10
243.48875441389282
 20
308.1588085300246
 10
215.97752159559883
 20
298.7950747625905
 10
188.46602119665482
 20
289.43212212349323
 10
160.95427403997456
 20
280.0698898259458
 10
133.4422990762421
 20
270.7083225486222
 10
105.93011355828541
 20
261.3473699266223
 10
78.41773320151036
 20
251.98698608312753
 10
50.905172330587526
 20
242.62712920119
 10
23.39244401292043
 20
233.26776113410847
 10
-4.1204398203657515
 20
223.9088470522341
  0
LWPOLYLINE
  5
11c
330
1F
100
AcDbEntity
  8
main_beam_width
100
AcDbPolyline
 90
24
 70
0
43
0.0
 10
-4.120391402135413
 20
223.90836383786967
 10
17.734190967048193
 20
221.09253962361527
 10
39.588804130952575
 20
218.2769476649846
 10
61.44344544568764
 20
215.46156802160053
 10
83.29811255574558
 20
212.64638292808263
 10
105.15280335649554
 20
209.83137651117914
 10
127.0075159622642
 20
207.01653454902896
 10
148.86224867907612
 20
204.20184426556864
 10
170.7169999812954
 20
201.38729415436103
 10
192.5717684915442
 20
198.57287382713963
 10
214.42655296338341
 20
195.75857388318693
 10
236.28135226633012
 20
192.94438579633282
 10
258.1361653728569
 20
190.13030181690397
 10
279.9909913470786
 20
187.31631488639954
 10
301.8458293348805
 20
184.5024185630339
 10
323.7006785552793
 20
181.68860695658555
 10
345.5555382928453
 20
178.87487467124015
 10
367.4104078910365
 20
176.06121675531938
 10
389.2652867463221
 20
173.2476286569575
 10
411.1201743029885
 20
170.43410618492942
 10
432.9750700485387
 20
167.62064547395215
 10
454.82997350960795
 20
164.80724295388006
 10
476.6848842483298
 20
161.9938953222988
 10
498.53980185909677
 20
159.18059952009176
  0
LWPOLYLINE
  5
11d
330
1F
100
AcDbEntity
  8
main_beam_width
100
AcDbPolyline
 90
24
 70
0
43
0.0
 10
-3.591424101436579
 20
218.5883068097277
 10
18.258691776154162
 20
215.60925787460127
 10
40.10877696886752
 20
212.6299775122966
 10
61.958834109233074
 20
209.650485577509
 10
83.80886554282087
 20
206.67079976066782
 10
105.6588733655414
 20
203.69093586925547
 10
127.50885945539278
 20
200.71090806724567
 10
149.35882549957512
 20
197.7307290796027
 10
171.2087730177267
 20
194.75041036752884
 10
193.05870338190152
 20
191.76996227913756
 10
214.90861783380032
 20
188.78939417940992
 10
236.75851749967825
 20
185.8087145626296
 10
258.6084034032811
 20
182.82793114994854
 10
280.45827647710337
 20
179.8470509742956
 10
302.3081375722129
 20
176.86608045447628
 10
324.15798746684885
 20
173.88502546001556
 10
346.0078268739642
 20
170.90389136804816
 10
367.85765644786085
 20
167.92268311335852
 10
389.70747679003995
 20
164.9414052325028
 10
411.55728845437187
 20
161.96006190280602
 10
433.4070919516774
 20
158.97865697690722
 10
455.25688775379336
 20
155.99719401342998
 10
477.10667629719177
 20
153.01567630427104
 10
498.956457986205
 20
150.03410689892996
  0
LWPOLYLINE
  5
11e
330
1F
100
AcDbEntity
  8
main_beam_width
100
AcDbPolyline
 90
49
 70
0
43
0.0
 10
498.95632745723213
 20
150.03723463848277
 10
478.6372152745818
 20
145.5139819183368
 10
458.318113376736
 20
140.99068381723478
 10
437.99902234004725
 20
136.4673377920624
 10
417.6799427843547
 20
131.94394110782375
 10
397.36087537712433
 20
127.42049081937435
 10
377.04182083806535
 20
122.89698375104885
 10
356.72277994428936
 20
118.37341647389857
 10
336.40375353608545
 20
113.84978528020854
 10
316.08474252339863
 20
109.326086154912
 10
295.76574789311206
 20
104.80231474345885
 10
275.44677071724965
 20
100.27846631562053
 10
255.12781216223723
 20
95.75453572462827
 10
234.80887349938013
 20
91.23051736093804
 10
214.4899561167481
 20
86.70640509979309
 10
194.17106153268566
 20
82.18219224160796
 10
173.85219141121112
 20
77.65787144402208
 10
153.5333475796126
 20
73.13343464425861
 10
133.21453204860805
 20
68.60887297017011
 10
112.8957470355063
 20
64.08417663804151
 10
92.5769949908914
 20
59.55933483484746
 10
72.2582786294561
 20
55.03433558220333
 10
51.93960096573519
 20
50.50916557869157
 10
31.620965355647623
 20
45.98381001656292
 10
11.302375544942011
 20
41.458252367972015
 10
-9.016164274122108
 20
36.93247413487645
 10
-29.334649396238312
 20
32.406454555452186
 10
-49.65307452468637
 20
27.88017025830397
 10
-69.97143367871405
 20
23.353594853795624
 10
-90.28972008370128
 20
18.826698449404184
 10
-110.60792604045488
 20
14.299447072997046
 10
-130.92604276914366
 20
9.77180198420477
 10
-151.24406022233427
 20
5.243718849452517
 10
-171.56196686030057
 20
0.7151467505342457
 10
-191.87974938021057
 20
-3.813973010336036
 10
-212.1973923888818
 20
-8.343708354462354
 10
-232.5148780065438
 20
-12.874138175039961
 10
-252.83218538643038
 20
-17.405354456917046
 10
-273.14929013216596
 20
-21.937464847337385
 10
-293.46616359203273
 20
-26.470595769935517
 10
-313.782772006857
 20
-31.004896184623544
 10
-334.09907548746776
 20
-35.5405420994862
 10
-354.4150268003348
 20
-40.07774192906122
 10
-374.73056994936405
 20
-44.61674275206526
 10
-395.0456385632141
 20
-49.157837427245695
 10
-415.36015413906125
 20
-53.70137234263489
 10
-435.6740242668296
 20
-58.24775525101597
 10
-455.9871410757852
 20
-62.797462124201566
 10
-476.2993803180937
 20
-67.35104119678239
  0
LWPOLYLINE
  5
11f
330
1F
100
AcDbEntity
  8
main_beam_width
100
AcDbPolyline
 90
49
 70
0
43
0.0
 10
498.53964749425177
 20
159.1837256714613
 10
478.22297732571326
 20
154.49744939022204
 10
457.90629688133765
 20
149.81121845037137
 10
437.58960558509995
 20
145.1250353935777
 10
417.27290281749873
 20
140.4389029533461
 10
396.9561879114157
 20
135.75282407328805
 10
376.63946014749786
 20
131.06680192749693
 10
356.32271874899743
 20
126.38083994331566
 10
336.00596287599535
 20
121.69494182682669
 10
315.68919161892063
 20
117.00911159144621
 10
295.3724039912656
 20
112.32335359006763
 10
275.05559892137984
 20
107.63767255127182
 10
254.73877524320454
 20
102.95207362020828
 10
234.42193168578908
 20
98.26656240485482
 10
214.1050668613998
 20
93.58114502848622
 10
193.78817925199994
 20
88.89582818932952
 10
173.47126719383982
 20
84.21061922856008
 10
153.15432885984674
 20
79.52552620800454
 10
132.83736223944697
 20
74.84055799917347
 10
112.52036511538293
 20
70.15572438555613
 10
92.20333503700057
 20
65.47103618048597
 10
71.88626928938163
 20
60.786505363343984
 10
51.56916485756541
 20
56.102145237426235
 10
31.252018384951896
 20
51.41797061348753
 10
10.934826124786024
 20
46.7339980238138
 10
-9.382416116612058
 20
42.050245972713576
 10
-29.699713046494324
 20
37.36673523059721
 10
-50.017069964195414
 20
32.68348918039551
 10
-70.33449285393223
 20
28.000534227031388
 10
-90.65198849487189
 20
23.317900283091692
 10
-110.96956459213591
 20
18.63562134686664
 10
-131.28722993324837
 20
13.95373619267229
 10
-151.60499457559817
 20
9.272289198009348
 10
-171.92287007177154
 20
4.591331337829074
 10
-192.24086974120314
 20
-0.08907861682413976
 10
-212.5590089985131
 20
-4.768872650055517
 10
-232.8773057511726
 20
-9.447971746442018
 10
-253.19578088178451
 20
-14.126283763007313
 10
-273.51445883315495
 20
-18.803700847636744
 10
-293.83336831724904
 20
-23.48009631086037
 10
-314.15254317152164
 20
-28.15532084735395
 10
-334.4720233869521
 20
-32.82919799981154
 10
-354.7918563294904
 20
-37.50151876940422
 10
-375.1120981672614
 20
-42.17203531833991
 10
-395.4328154944056
 20
-46.840453804788936
 10
-415.7540871005977
 20
-51.5064265750047
 10
-436.07600576162173
 20
-56.16954426254897
 10
-456.3986798073448
 20
-60.82932886971324
 10
-476.7222340488879
 20
-65.48522967644784
  0
LWPOLYLINE
  5
120
330
1F
100
AcDbEntity
  8
main_beam_width
100
AcDbPolyline
 90
15
 70
0
43
0.0
 10
-53.7624832724045
 20
209.87669200861683
 10
-123.98314105143241
 20
223.1694445945867
 10
-194.20525870746002
 20
236.45442273720434
 10
-264.42909654523794
 20
249.7302402069873
 10
-334.65494552972575
 20
262.99534749627384
 10
-404.8831164264578
 20
276.248089651227
 10
-475.11391966797476
 20
289.4868134913366
 10
-545.3476356932761
 20
302.71002556399475
 10
-615.5844794368662
 20
315.91658125487197
 10
-685.8245672727492
 20
329.1058608247028
 10
-756.0678969468344
 20
342.2778762774439
 10
-826.3143479802847
 20
355.43326921228015
 10
-896.563702386032
 20
368.5732004996906
 10
-966.8156780027306
 20
381.69917276448587
 10
-1037.0699639116035
 20
394.8128417765824
  0
LWPOLYLINE
  5
121
330
1F
100
AcDbEntity
  8
main_beam_width
100
AcDbPolyline
 90
15
 70
0
43
0.0
 10
-54.128252628099766
 20
213.85733117191998
 10
-124.31079962545644
 20
226.9295742261967
 10
-194.491886489292
 20
240.00959308990736
 10
-264.67125331054075
 20
253.09877188535017
 10
-334.84860974195294
 20
266.1986568306284
 10
-405.0236459017227
 20
279.3108981733633
 10
-475.1960525101003
 20
292.43714295498023
 10
-545.3655504771748
 20
305.5788774436386
 10
-615.5319262457366
 20
318.73723891900687
 10
-685.6950646085354
 20
331.91284090690965
 10
-755.8549685444925
 20
345.1056675433706
 10
-826.0117586867465
 20
358.3150764074859
 10
-896.1656526302116
 20
371.53990871715484
 10
-966.316931746646
 20
384.7786660524465
 10
-1036.4659059646222
 20
398.02969791668727
  0
LWPOLYLINE
  5
122
330
1F
100
AcDbEntity
  8
main_beam_width
100
AcDbPolyline
 90
54
 70
0
43
0.0
 10
593.4659016766806
 20
101.35779852778626
 10
612.0495119804425
 20
104.58208889490132
 10
630.6330744227807
 20
107.80666153456663
 10
649.2165933331917
 20
111.03149091268989
 10
667.8000725472186
 20
114.2565544083688
 10
686.3835154731432
 20
117.48183192056452
 10
704.966925148449
 20
120.70730553509551
 10
723.5503042877871
 20
123.93295924175113
 10
742.133655323858
 20
127.15877869318162
 10
760.7169804423704
 20
130.38475099872196
 10
779.3002816120309
 20
133.61086454752257
 10
797.8835606103509
 20
136.83710885634503
 10
816.4668190459233
 20
140.0634744381827
 10
835.0500583777084
 20
143.28995268851958
 10
853.633279931778
 20
146.51653578657437
 10
872.216484915896
 20
149.74321660931446
 10
890.7996744322459
 20
152.9699886563846
 10
909.3828494885746
 20
156.19684598439144
 10
927.9660110079708
 20
159.42378314923042
 10
946.5491598374686
 20
162.65079515534518
 10
965.1322967556345
 20
165.87787741097864
 10
983.7154224792756
 20
169.1050256886164
 10
1002.2985376693805
 20
172.3322360899405
 10
1020.8816429363969
 20
175.55950501471207
 10
1039.4647388449255
 20
178.78682913308302
 10
1058.0478259179058
 20
182.01420536090885
 10
1076.6309046403567
 20
185.2416308376932
 10
1095.2139754627228
 20
188.4691029068457
 10
1113.7970388038768
 20
191.69661909797713
 10
1132.3800950538177
 20
194.92417711099307
 10
1150.9631445760956
 20
198.1517748017781
 10
1169.5461877100026
 20
201.37941016928968
 10
1188.1292247725476
 20
204.60708134390296
 10
1206.7122560602436
 20
207.8347865768694
 10
1225.2952818507283
 20
211.06252423076657
 10
1243.8783024042314
 20
214.29029277083401
 10
1262.4613179649114
 20
217.5180907571005
 10
1281.044328762068
 20
220.7459168372205
 10
1299.6273350112513
 20
223.97376973994665
 10
1318.2103369152692
 20
227.2016482691743
 10
1336.793334665112
 20
230.4295512984999
 10
1355.3763284407955
 20
233.65747776624318
 10
1373.959318412135
 20
236.8854266708879
 10
1392.542304739452
 20
240.11339706690023
 10
1411.1252875742275
 20
243.34138806089
 10
1429.7082670597
 20
246.56939880808162
 10
1448.2912433314148
 20
249.79742850906658
 10
1466.874216517733
 20
253.02547640681183
 10
1485.4571867402974
 20
256.25354178390046
 10
1504.0401541144663
 20
259.48162395998486
 10
1522.623118749712
 20
262.70972228943214
 10
1541.2060807499888
 20
265.93783615914714
 10
1559.7890402140763
 20
269.1659649865559
 10
1578.371997235897
 20
272.3941082177366
  0
LWPOLYLINE
  5
123
330
1F
100
AcDbEntity
  8
main_beam_width
100
AcDbPolyline
 90
54
 70
0
43
0.0
 10
593.485246785797
 20
96.9242542377646
 10
612.1064590153364
 20
100.00827865003198
 10
630.7277193490426
 20
103.09201935812233
 10
649.3490234281563
 20
106.17550206871108
 10
667.9703673919895
 20
109.25874955099788
 10
686.5917478105791
 20
112.3417820338893
 10
705.2131616276855
 20
115.42461754218861
 10
723.8346061123777
 20
118.50727218211868
 10
742.456078817781
 20
121.58976038462337
 10
761.0775775458087
 20
124.67209511337093
 10
779.6991003169126
 20
127.75428804315217
 10
798.3206453440581
 20
130.8363497133685
 10
816.942211010265
 20
133.91828966049218
 10
835.5637958491668
 20
137.0001165327212
 10
854.1853985281341
 20
140.08183818950954
 10
872.8070178335838
 20
143.16346178821172
 10
891.4286526581552
 20
146.2449938597157
 10
910.0503019894853
 20
149.3264403746386
 10
928.6719649003605
 20
152.40780680141214
 10
947.2936405400534
 20
155.4890981573773
 10
965.9153281266821
 20
158.57031905383926
 10
984.5370269404604
 20
161.65147373588835
 10
1003.1587363177143
 20
164.73256611767528
 10
1021.7804556455739
 20
167.8135998137282
 10
1040.4021843572475
 20
170.89457816681386
 10
1059.0239219278121
 20
173.97550427277704
 10
1077.6456678704492
 20
177.0563810027283
 10
1096.2674217330784
 20
180.13721102290253
 10
1114.8891830953387
 20
183.21799681246625
 10
1133.5109515658753
 20
186.29874067951377
 10
1152.1327267798993
 20
189.37944477546262
 10
1170.7545083969876
 20
192.46011110803025
 10
1189.376296099095
 20
195.54074155295098
 10
1207.9980895887586
 20
198.62133786457338
 10
1226.6198885874696
 20
201.70190168545892
 10
1245.2416928341977
 20
204.7824345550906
 10
1263.863502084048
 20
207.86293791778422
 10
1282.4853161070414
 20
210.94341312988735
 10
1301.1071346870028
 20
214.02386146633762
 10
1319.7289576205462
 20
217.10428412664663
 10
1338.3507847161477
 20
220.18468224036658
 10
1356.9726157932973
 20
223.26505687209075
 10
1375.594450681723
 20
226.34540902603328
 10
1394.2162892206786
 20
229.42573965022882
 10
1412.8381312582892
 20
232.50604964038837
 10
1431.4599766509514
 20
235.58633984344297
 10
1450.0818252627805
 20
238.66661106080505
 10
1468.7036769650988
 20
241.74686405137237
 10
1487.3255316359684
 20
244.8270995342982
 10
1505.9473891597577
 20
247.90731819154908
 10
1524.5692494267378
 20
250.98752067026763
 10
1543.1911123327154
 20
254.06770758495884
 10
1561.8129777786871
 20
257.14787951951394
 10
1580.434845670523
 20
260.22803702908647
  0
LWPOLYLINE
  5
124
330
1F
100
AcDbEntity
  8
main_beam_width
100
AcDbPolyline
 90
41
 70
0
43
0.0
 10
499.98055013862995
 20
106.83222430774792
 10
487.4690813056926
 20
108.79958482814773
 10
474.9575970343582
 20
110.76685016291223
 10
462.4460984090864
 20
112.73402699829158
 10
449.9345864164708
 20
114.70112141714046
 10
437.42306195588463
 20
116.66813896455712
 10
424.9115258487866
 20
118.63508470525504
 10
412.3999788468749
 20
120.60196327383933
 10
399.8884216392516
 20
122.56877891897747
 10
387.37685485873203
 20
124.53553554230079
 10
374.86527908741505
 20
126.50223673274719
 10
362.35369486161164
 20
128.46888579694874
 10
349.84210267621563
 20
130.43548578618015
 10
337.3305029885885
 20
132.40203952030842
 10
324.8188962220182
 20
134.36854960912288
 10
312.30728276880745
 20
136.33501847136935
 10
299.7956629930335
 20
138.3014483517705
 10
287.2840372330212
 20
140.26784133627325
 10
274.77240580356283
 20
142.23419936573384
 10
262.26076899791394
 20
144.20052424822245
 10
249.74912708959047
 20
146.16681767010587
 10
237.23748033399102
 20
148.13308120604626
 10
224.72582896986177
 20
150.09931632803745
 10
212.2141732206236
 20
152.06552441358326
 10
199.70251329557436
 20
154.03170675311208
 10
187.19084939098056
 20
155.99786455670784
 10
174.67918169107017
 20
157.9639989602304
 10
162.16751036893635
 20
159.93011103088793
 10
149.65583558736157
 20
161.89620177231737
 10
137.1441574995697
 20
163.8622721292233
 10
124.63247624991413
 20
165.8283229916181
 10
112.1207919745072
 20
167.79435519870344
 10
99.60910480179675
 20
169.7603695424274
 10
87.09741485309618
 20
171.72636677074823
 10
74.5857222430702
 20
173.69234759063278
 10
62.07402708018217
 20
175.65831267081404
 10
49.5623294671062
 20
177.62426264432978
 10
37.05062950110638
 20
179.59019811086299
 10
24.53892727438689
 20
181.55611963890067
 10
12.027222874415934
 20
183.52202776772836
 10
-0.4844836157755772
 20
185.4879230092739
  0
LWPOLYLINE
  5
125
330
1F
100
AcDbEntity
  8
main_beam_width
100
AcDbPolyline
 90
41
 70
0
43
0.0
 10
499.94231019471823
 20
111.76657148717541
 10
487.4085832881372
 20
113.86156818220337
 10
474.87487184516783
 20
115.95666021832832
 10
462.3411747777516
 20
118.05184088711002
 10
449.8074910961872
 20
120.14710408653423
 10
437.2738198984137
 20
122.2424442549307
 10
424.74016036064364
 20
124.33785631322891
 10
412.2065117291586
 20
126.43333561436707
 10
399.67287331310115
 20
128.5288778988554
 10
387.13924447812906
 20
130.62447925564885
 10
374.60562464081414
 20
132.72013608761256
 10
362.07201326368653
 20
134.81584508097026
 10
349.53840985084173
 20
136.91160317821598
 10
337.00481394403636
 20
139.00740755404433
 10
324.471225119212
 20
141.1032555939177
 10
311.9376429833937
 20
143.1991448749431
 10
299.4040671719165
 20
145.29507314877551
 10
286.8704973459425
 20
147.39103832630448
 10
274.3369331902312
 20
149.4870384639117
 10
261.8033744111364
 20
151.5830717511167
 10
249.2698207348013
 20
153.67913649945135
 10
236.73627190553037
 20
155.77523113242302
 10
224.20272768431914
 20
157.87135417644603
 10
211.66918784752264
 20
159.96750425263448
 10
199.1356521856489
 20
162.0636800693627
 10
186.6021205022636
 20
164.15988041551233
 10
174.06859261299422
 20
166.25610415433272
 10
161.5350683446237
 20
168.3523502178519
 10
149.00154753426403
 20
170.4486176017807
 10
136.46803002860136
 20
172.5449053608615
 10
123.9345156832068
 20
174.64121260461602
 10
111.40100436190508
 20
176.73753849345385
 10
98.86749593619626
 20
178.83388223510653
 10
86.33399028472472
 20
180.9302430813554
 10
73.80048729279225
 20
183.02662032502653
 10
61.26698685190951
 20
185.12301329722692
 10
48.73348885938306
 20
187.2194213647999
 10
36.1999932179356
 20
189.31584392798058
 10
23.666499835354628
 20
191.4122804182319
 10
11.13300862416866
 20
193.50873029624663
 10
-1.400480498652601
 20
195.60519305010033
  0
LWPOLYLINE
  5
126
330
1F
100
AcDbEntity
  8
main_beam_width
100
AcDbPolyline
 90
55
 70
0
43
0.0
 10
-1.4006496568894766
 20
195.6070316957891
 10
3.2888182667946357
 20
197.3146607588468
 10
7.978285559048792
 20
199.0222915991741
 10
12.667752234567883
 20
200.7299241754097
 10
17.357218307594998
 20
202.43755844746397
 10
22.04668379193861
 20
204.14519437647053
 10
26.736148700989023
 20
205.85283192474
 10
31.42561304773405
 20
207.56047105571594
 10
36.11507684477402
 20
209.26811173393256
 10
40.80454010433607
 20
210.97575392497444
 10
45.494002838287855
 20
212.68339759543795
 10
50.183465058150674
 20
214.39104271289443
 10
54.87292677511198
 20
216.0986892458549
 10
59.5623880000373
 20
217.8063371637363
 10
64.25184874348186
 20
219.5139864368292
 10
68.94130901570145
 20
221.2216370362669
 10
73.63076882666302
 20
222.9292889339957
 10
78.32022818605468
 20
224.63694210274664
 10
83.00968710329549
 20
226.34459651600815
 10
87.69914558754466
 20
228.05225214800012
 10
92.38860364771044
 20
229.75990897364866
 10
97.07806129245866
 20
231.46756696856235
 10
101.76751853022084
 20
233.17522610900903
 10
106.45697536920224
 20
234.88288637189385
 10
111.14643181738913
 20
236.5905477347378
 10
115.83588788255626
 20
238.29821017565763
 10
120.52534357227368
 20
240.0058736733461
 10
125.21479889391348
 20
241.71353820705315
 10
129.9042538546562
 20
243.4212037565679
 10
134.593708461497
 20
245.12887030220128
 10
139.28316272125159
 20
246.83653782476927
 10
143.972616640562
 20
248.54420630557678
 10
148.6620702259019
 20
250.2518757264023
 10
153.35152348358224
 20
251.9595460694829
 10
158.04097641975594
 20
253.66721731749996
 10
162.7304290404229
 20
255.37488945356552
 10
167.41988135143507
 20
257.0825624612087
 10
172.10933335850038
 20
258.79023632436304
 10
176.79878506718768
 20
260.4979110273543
 10
181.4882364829307
 20
262.20558655488844
 10
186.177687611032
 20
263.9132628920402
 10
190.86713845666722
 20
265.62094002424203
 10
195.55658902488855
 20
267.3286179372736
 10
200.24603932062857
 20
269.0362966172512
 10
204.9354893487037
 20
270.74397605061824
 10
209.62493911381762
 20
272.45165622413543
 10
214.31438862056456
 20
274.1593371248716
 10
219.00383787343233
 20
275.86701874019485
 10
223.69328687680556
 20
277.57470105776395
 10
228.38273563496864
 20
279.28238406551986
 10
233.07218415210832
 20
280.990067751678
 10
237.76163243231673
 20
282.6977521047204
 10
242.45108047959417
 20
284.4054371133879
 10
247.140528297851
 20
286.1131227666734
 10
251.8299758909111
 20
287.8208090538147
  0
LWPOLYLINE
  5
127
330
1F
100
AcDbEntity
  8
main_beam_width
100
AcDbPolyline
 90
55
 70
0
43
0.0
 10
-0.4846552499050865
 20
185.48984985268882
 10
4.287001823983819
 20
187.14308565002653
 10
9.058659551989367
 20
188.79631960623902
 10
13.830317918651973
 20
190.44955176483995
 10
18.601976908994704
 20
192.1027821679845
 10
23.37363650850462
 20
193.7560108565219
 10
28.145296703114955
 20
195.40923787004544
 10
32.91695747918813
 20
197.06246324694052
 10
37.68861882349956
 20
198.71568702443005
 10
42.46028072322211
 20
200.3689092386182
 10
47.231943165911325
 20
202.02212992453207
 10
52.0036061394913
 20
203.67534911616139
 10
56.77526963224111
 20
205.32856684649678
 10
61.5469336327819
 20
206.98178314756598
 10
66.3185981300645
 20
208.63499805046877
 10
71.09026311335768
 20
210.28821158541018
 10
75.86192857223662
 20
211.9414237817326
 10
80.6335944965722
 20
213.5946346679461
 10
85.40526087652066
 20
215.2478442717579
 10
90.17692770251342
 20
216.90105262010022
 10
94.94859496524778
 20
218.55425973915726
 10
99.72026265567759
 20
220.20746565439097
 10
104.4919307650045
 20
221.86067039056567
 10
109.2635992846697
 20
223.5138739717719
 10
114.0352682063456
 20
225.1670764214489
 10
118.80693752192822
 20
226.82027776240685
 10
123.57860722352974
 20
228.4734780168473
 10
128.35027730347133
 20
230.1266772063838
 10
133.12194775427616
 20
231.77987535206094
 10
137.89361856866316
 20
233.43307247437292
 10
142.66528973954016
 20
235.08626859328157
 10
147.4369612599982
 20
236.73946372823337
 10
152.2086331233056
 20
238.39265789817608
 10
156.98030532290213
 20
240.04585112157446
 10
161.7519778523937
 20
241.69904341642558
 10
166.52365070554728
 20
243.35223480027378
 10
171.2953238762856
 20
245.00542529022434
 10
176.0669973586825
 20
246.6586149029575
 10
180.8386711469582
 20
248.31180365474142
 10
185.61034523547488
 20
249.96499156144486
 10
190.38201961873227
 20
251.61817863854918
 10
195.1536942913635
 20
253.27136490116047
 10
199.92536924813118
 20
254.92455036402035
 10
204.69704448392326
 20
256.5777350415172
 10
209.4687199937497
 20
258.2309189476968
 10
214.24039577273848
 20
259.8841020962718
 10
219.01207181613245
 20
261.53728450063255
 10
223.78374811928566
 20
263.1904661738556
 10
228.55542467766043
 20
264.8436471287132
 10
233.32710148682395
 20
266.49682737768217
 10
238.09877854244542
 20
268.1500069329521
 10
242.87045584029315
 20
269.80318580643404
 10
247.64213337623175
 20
271.45636400976787
 10
252.4138111462193
 20
273.10954155433024
 10
257.1854891463047
 20
274.76271845124205
  0
LWPOLYLINE
  5
128
330
1F
100
AcDbEntity
  8
main_beam_width
100
AcDbPolyline
 90
10
 70
0
43
0.0
 10
251.82944740571745
 20
287.8220976338652
 10
256.95403388188316
 20
289.7606073150781
 10
262.0786202277718
 20
291.69911734640607
 10
267.2032064450073
 20
293.63762772348434
 10
272.3277925351871
 20
295.57613844202046
 10
277.4523784998819
 20
297.51464949779256
 10
282.57696434063706
 20
299.45316088664816
 10
287.7015500589723
 20
301.3916726045025
 10
292.8261356563829
 20
303.3301846473375
 10
297.95072113433986
 20
305.2686970111999
  0
LWPOLYLINE
  5
129
330
1F
100
AcDbEntity
  8
main_beam_width
100
AcDbPolyline
 90
10
 70
0
43
0.0
 10
257.1849600734092
 20
274.7640084642577
 10
262.3061290251717
 20
276.638073546329
 10
267.4272981058629
 20
278.51213828190913
 10
272.54846731388363
 20
280.386202675296
 10
277.66963664766087
 20
282.26026673071686
 10
282.7908061056474
 20
284.1343304523298
 10
287.91197568632134
 20
286.0083938442249
 10
293.0331453881854
 20
287.8824569104258
 10
298.1543152097669
 20
289.75651965489084
 10
303.2754851496164
 20
291.63058208151483
  0
LWPOLYLINE
  5
12a
330
1F
100
AcDbEntity
  8
main_beam_width
100
AcDbPolyline
 90
21
 70
0
43
0.0
 10
303.27553273297735
 20
291.63046095646047
 10
301.0147849770837
 20
290.6803895247577
 10
298.75403724658645
 20
289.7303180309608
 10
296.4932895412428
 20
288.78024647566303
 10
294.2325418608133
 20
287.83017485945015
 10
291.9717942050613
 20
286.88010318290054
 10
289.7110465737534
 20
285.9300314465852
 10
287.45029896665875
 20
284.97995965106793
 10
285.1895513835499
 20
284.02988779690565
 10
282.9288038242018
 20
283.0798158846481
 10
280.6680562883924
 20
282.12974391483823
 10
278.4073087759024
 20
281.1796718880124
 10
276.1465612865151
 20
280.2295998047001
 10
273.8858138200168
 20
279.2795276654245
 10
271.62506637619595
 20
278.3294554707021
 10
269.36431895484395
 20
277.3793832210432
 10
267.10357155575474
 20
276.4293109169519
 10
264.8428241787246
 20
275.47923855892617
 10
262.58207682355226
 20
274.52916614745766
 10
260.32132949003915
 20
273.57909368303234
 10
258.0605821779889
 20
272.6290211661303
  0
LWPOLYLINE
  5
12b
330
1F
100
AcDbEntity
  8
main_beam_width
100
AcDbPolyline
 90
21
 70
0
43
0.0
 10
297.95085135527194
 20
305.2683614111809
 10
295.6606917234329
 20
304.3572542531695
 10
293.37053206591617
 20
303.44614715794023
 10
291.08037238296845
 20
302.53504012488986
 10
288.79021267483324
 20
301.62393315342314
 10
286.5000529417508
 20
300.7128262429522
 10
284.2098931839588
 20
299.8017193928968
 10
281.91973340169125
 20
298.89061260268386
 10
279.6295735951797
 20
297.9795058717477
 10
277.33941376465265
 20
297.0683991995295
 10
275.0492539103357
 20
296.1572925854777
 10
272.7590940324518
 20
295.2461860290475
 10
270.46893413122075
 20
294.3350795297009
 10
268.17877420686006
 20
293.4239730869065
 10
265.88861425958424
 20
292.5128667001397
 10
263.59845428960534
 20
291.60176036888214
 10
261.30829429713265
 20
290.69065409262186
 10
259.018134282373
 20
289.7795478708533
 10
256.72797424553073
 20
288.8684417030769
 10
254.4378141868076
 20
287.9573355887994
 10
252.14765410640294
 20
287.04622952753334
  0
LWPOLYLINE
  5
12c
330
1F
100
AcDbEntity
  8
main_beam_width
100
AcDbPolyline
 90
100
 70
0
43
0.0
 10
258.0605518243756
 20
272.62909517588696
 10
255.4679852133027
 20
271.52771260753565
 10
252.87541866028423
 20
270.42632989706414
 10
250.28285216445673
 20
269.32494704658586
 10
247.6902857249739
 20
268.22356405817294
 10
245.09771934100593
 20
267.1221809338565
 10
242.50515301173934
 20
266.02079767562805
 10
239.91258673637643
 20
264.91941428544055
 10
237.32002051413488
 20
263.818030765209
 10
234.72745434424752
 20
262.71664711681154
 10
232.1348882259618
 20
261.6152633420905
 10
229.54232215853958
 20
260.5138794428529
 10
226.94975614125664
 20
259.41249542087144
 10
224.35719017340259
 20
258.31111127788546
 10
221.76462425428025
 20
257.2097270156016
 10
219.17205838320558
 20
256.1083426356944
 10
216.57949255950726
 20
255.00695813980738
 10
213.98692678252635
 20
253.90557352955355
 10
211.39436105161616
 20
252.80418880651607
 10
208.80179536614185
 20
251.7028039722491
 10
206.20922972548016
 20
250.60141902827837
 10
203.61666412901926
 20
249.50003397610183
 10
201.02409857615825
 20
248.39864881719024
 10
198.43153306630722
 20
247.29726355298789
 10
195.8389675988868
 20
246.1958781849131
 10
193.24640217332797
 20
245.0944927143589
 10
190.65383678907185
 20
243.9931071426934
 10
188.06127144556945
 20
242.89172147126058
 10
185.46870614228146
 20
241.7903357013807
 10
182.8761408786781
 20
240.68894983435072
 10
180.28357565423875
 20
239.58756387144507
 10
177.69101046845194
 20
238.48617781391587
 10
175.09844532081505
 20
237.38479166299365
 10
172.50588021083408
 20
236.28340541988757
 10
169.91331513802362
 20
235.18201908578612
 10
167.3207501019065
 20
234.08063266185738
 10
164.7281851020137
 20
232.97924614924955
 10
162.13562013788413
 20
231.87785954909137
 10
159.54305520906453
 20
230.77647286249248
 10
156.95049031510928
 20
229.67508609054383
 10
154.35792545558007
 20
228.5736992343181
 10
151.76536063004625
 20
227.47231229487014
 10
149.1727958380839
 20
226.3709252732372
 10
146.58023107927642
 20
225.26953817043935
 10
143.98766635321394
 20
224.16815098747992
 10
141.3951016594934
 20
223.06676372534574
 10
138.80253699771825
 20
221.96537638500746
 10
136.20997236749844
 20
220.86398896742008
 10
133.61740776845016
 20
219.76260147352295
 10
131.02484320019596
 20
218.66121390424027
 10
128.43227866236435
 20
217.55982626048151
 10
125.83971415458977
 20
216.45843854314145
 10
123.24714967651256
 20
215.35705075310062
 10
120.65458522777872
 20
214.2556628912256
 10
118.06202080803993
 20
213.1542749583692
 10
115.46945641695325
 20
212.05288695537084
 10
112.87689205418117
 20
210.9514988830567
 10
110.28432771939156
 20
209.85011074224005
 10
107.6917634122573
 20
208.74872253372155
 10
105.09919913245649
 20
207.6473342582893
 10
102.50663487967208
 20
206.5459459167194
 10
99.91407065359203
 20
205.44455750977585
 10
97.32150645390894
 20
204.34316903821102
 10
94.72894228032028
 20
203.24178050276564
 10
92.13637813252801
 20
202.14039190416935
 10
89.54381401023859
 20
201.0390032431406
 10
86.951249913163
 20
199.937614520387
 10
84.35868584101658
 20
198.83622573660554
 10
81.76612179351883
 20
197.73483689248275
 10
79.1735577703935
 20
196.63344798869485
 10
76.58099377136854
 20
195.53205902590813
 10
73.98842979617577
 20
194.4306700047788
 10
71.39586584455107
 20
193.32928092595353
 10
68.80330191623423
 20
192.22789179006938
 10
66.21073801096877
 20
191.12650259775418
 10
63.61817412850204
 20
190.02511334962645
 10
61.02561026858505
 20
188.92372404629577
 10
58.433046430972354
 20
187.8223346883629
 10
55.840482615422154
 20
186.72094527641985
 10
53.2479188216961
 20
185.61955581105016
 10
50.655355049559205
 20
184.51816629282894
 10
48.06279129877994
 20
183.41677672232316
 10
45.470227569129996
 20
182.3153871000916
 10
42.87766386038436
 20
181.21399742668527
 10
40.28510017232112
 20
180.11260770264715
 10
37.692536504721595
 20
179.01121792851276
 10
35.09997285737018
 20
177.90982810480998
 10
32.50740923005413
 20
176.80843823205947
 10
29.914845622563856
 20
175.70704831077438
 10
27.32228203469267
 20
174.60565834146092
 10
24.729718466236505
 20
173.50426832461815
 10
22.137154916994444
 20
172.40287826073836
 10
19.54459138676806
 20
171.301488150307
 10
16.952027875361846
 20
170.20009799380287
 10
14.359464382582898
 20
169.09870779169825
 10
11.766900908240924
 20
167.99731754445895
 10
9.174337452148212
 20
166.89592725254448
 10
6.581774014119524
 20
165.79453691640816
 10
3.989210593972281
 20
164.69314653649707
 10
1.396647191526268
 20
163.59175611325253
  0
LWPOLYLINE
  5
12d
330
1F
100
AcDbEntity
  8
main_beam_width
100
AcDbPolyline
 90
100
 70
0
43
0.0
 10
252.1476237510349
 20
287.0463035415685
 10
249.59365524442148
 20
286.0442878069821
 10
247.03968668272137
 20
285.04227220725096
 10
244.48571806673274
 20
284.040256740421
 10
241.93174939723852
 20
283.03824140457573
 10
239.37778067500653
 20
282.03622619783533
 10
236.82381190079008
 20
281.0342111183558
 10
234.2698430753281
 20
280.03219616432807
 10
231.7158741993457
 20
279.0301813339771
 10
229.16190527355425
 20
278.0281666255613
 10
226.60793629865196
 20
277.0261520373716
 10
224.05396727532397
 20
276.0241375677307
 10
221.4999982042427
 20
275.02212321499235
 10
218.94602908606834
 20
274.02010897754053
 10
216.39205992144875
 20
273.0180948537891
 10
213.83809071102013
 20
272.01608084218066
 10
211.2841214554071
 20
271.0140669411862
 10
208.73015215522287
 20
270.01205314930434
 10
206.1761828110697
 20
269.01003946506086
 10
203.62221342353905
 20
268.0080258870079
 10
201.06824399321178
 20
267.00601241372334
 10
198.51427452065843
 20
266.00399904381055
 10
195.96030500643946
 20
265.0019857758975
 10
193.40633545110546
 20
263.99997260863614
 10
190.85236585519738
 20
262.9979595407025
 10
188.29839621924665
 20
261.99594657079535
 10
185.74442654377555
 20
260.99393369763624
 10
183.1904568292973
 20
259.99192091996883
 10
180.6364870763162
 20
258.9899082365584
 10
178.08251728532795
 20
257.98789564619153
 10
175.5285474568198
 20
256.9858831476754
 10
172.97457759127073
 20
255.98387073983758
 10
170.42060768915147
 20
254.9818584215255
 10
167.86663775092498
 20
253.97984619160596
 10
165.31266777704622
 20
252.97783404896495
 10
162.75869776796287
 20
251.9758219925069
 10
160.2047277241148
 20
250.97381002115466
 10
157.65075764593482
 20
249.97179813384886
 10
155.0967875338484
 20
248.96978632954776
 10
152.54281738827424
 20
247.96777460722657
 10
149.988847209624
 20
246.96576296587747
 10
147.4348769983026
 20
245.96375140450903
 10
144.88090675470855
 20
244.9617399221459
 10
142.32693647923372
 20
243.95972851782858
 10
139.7729661722638
 20
242.957717190613
 10
137.21899583417817
 20
241.9557059395703
 10
134.66502546535028
 20
240.95369476378642
 10
132.11105506614751
 20
239.95168366236192
 10
129.5570846369314
 20
238.94967263441157
 10
127.0031141780579
 20
237.94766167906423
 10
124.44914368987725
 20
236.94565079546237
 10
121.89517317273425
 20
235.94363998276197
 10
119.34120262696824
 20
234.94162924013222
 10
116.78723205291335
 20
233.93961856675514
 10
114.23326145089851
 20
232.93760796182556
 10
111.67929082124759
 20
231.93559742455062
 10
109.12532016427944
 20
230.9335869541497
 10
106.57134948030809
 20
229.9315765498542
 10
104.01737876964265
 20
228.9295662109072
 10
101.46340803258767
 20
227.92755593656327
 10
98.90943726944299
 20
226.92554572608836
 10
96.35546648050396
 20
225.92353557875936
 10
93.8014956660615
 20
224.92152549386412
 10
91.2475248264022
 20
223.9195154707012
 10
88.69355396180825
 20
222.91750550857955
 10
86.13958307255781
 20
221.91549560681838
 10
83.58561215892479
 20
220.91348576474712
 10
81.03164122117914
 20
219.9114759817049
 10
78.47767025958677
 20
218.90946625704072
 10
75.92369927440976
 20
217.90745659011304
 10
73.36972826590632
 20
216.90544698028975
 10
70.81575723433089
 20
215.90343742694785
 10
68.2617861799343
 20
214.9014279294734
 10
65.70781510296372
 20
213.8994184872614
 10
63.153844003662726
 20
212.89740909971547
 10
60.59987288227142
 20
211.89539976624778
 10
58.04590173902652
 20
210.89339048627892
 10
55.491930574161294
 20
209.8913812592377
 10
52.9379593879058
 20
208.8893720845611
 10
50.38398818048675
 20
207.88736296169398
 10
47.830016952127714
 20
206.8853538900891
 10
45.276045703049164
 20
205.88334486920678
 10
42.72207443346837
 20
204.88133589851498
 10
40.1681031435997
 20
203.87932697748911
 10
37.614131833654476
 20
202.87731810561172
 10
35.06016050384109
 20
201.87530928237263
 10
32.50618915436507
 20
200.87330050726874
 10
29.95221778542917
 20
199.87129177980373
 10
27.39824639723326
 20
198.86928309948817
 10
24.84427498997463
 20
197.8672744658393
 10
22.290303563847758
 20
196.86526587838088
 10
19.73633211904452
 20
195.8632573366432
 10
17.182360655754263
 20
194.86124884016286
 10
14.628389174163676
 20
193.85924038848268
 10
12.074417674456967
 20
192.85723198115167
 10
9.520446156815993
 20
191.85522361772485
 10
6.966474621419999
 20
190.85321529776306
 10
4.412503068446039
 20
189.8512070208332
 10
1.8585314980687495
 20
188.84919878650774
 10
-0.6954400895395896
 20
187.84719059436483
  0
LWPOLYLINE
  5
12e
330
1F
100
AcDbEntity
  8
main_beam_width
100
AcDbPolyline
 90
100
 70
0
43
0.0
 10
-0.6942038357049402
 20
187.83341697539453
 10
4.3628077266021545
 20
186.83558634529152
 10
9.419819322274225
 20
185.83775586747228
 10
14.47683095040393
 20
184.83992553779552
 10
19.533842610116515
 20
183.84209535226879
 10
24.590854300568395
 20
182.84426530704172
 10
29.647866020945752
 20
181.8464353984
 10
34.70487777046325
 20
180.8486056227591
 10
39.76188954836279
 20
179.85077597665898
 10
44.81890135391233
 20
178.8529464567585
 10
49.875913186404816
 20
177.85511705983046
 10
54.93292504515708
 20
176.85728778275677
 10
59.989936929508836
 20
175.85945862252387
 10
65.04694883882178
 20
174.86162957621835
 10
70.10396077247867
 20
173.86380064102292
 10
75.1609727298824
 20
172.86597181421234
 10
80.21798471045524
 20
171.86814309314985
 10
85.27499671363807
 20
170.8703144752835
 10
90.33200873888964
 20
169.8724859581428
 10
95.38902078568579
 20
168.8746575393354
 10
100.44603285351883
 20
167.87682921654422
 10
105.50304494189695
 20
166.87900098752445
 10
110.56005705034347
 20
165.88117285010057
 10
115.6170691783964
 20
164.88334480216398
 10
120.67408132560786
 20
163.88551684167015
 10
125.7310934915434
 20
162.88768896663652
 10
130.7881056757817
 20
161.88986117513988
 10
135.84511787791394
 20
160.89203346531448
 10
140.90213009754333
 20
159.89420583534948
 10
145.9591423342849
 20
158.89637828348728
 10
151.0161545877647
 20
157.8985508080216
 10
156.07316685761975
 20
156.90072340729535
 10
161.13017914349737
 20
155.90289607969905
 10
166.187191445055
 20
154.90506882366913
 10
171.24420376195977
 20
153.90724163768627
 10
176.30121609388812
 20
152.90941452027386
 10
181.35822844052555
 20
151.91158746999645
 10
186.41524080156634
 20
150.91376048545843
 10
191.4722531767131
 20
149.91593356530265
 10
196.5292655656766
 20
148.91810670820894
 10
201.58627796817544
 20
147.92027991289308
 10
206.64329038393583
 20
146.9224531781054
 10
211.7003028126914
 20
145.92462650262982
 10
216.75731525418269
 20
144.92679988528252
 10
221.81432770815724
 20
143.928973324911
 10
226.87134017436915
 20
142.9311468203931
 10
231.928352652579
 20
141.93332037063578
 10
236.98536514255346
 20
140.93549397457448
 10
242.04237764406537
 20
139.937667631172
 10
247.09939015689324
 20
138.93984133941768
 10
252.15640268082123
 20
137.94201509832655
 10
257.21341521563915
 20
136.94418890693854
 10
262.2704277611417
 20
135.94636276431777
 10
267.3274403171291
 20
134.9485366695515
 10
272.3844528834064
 20
133.95071062174978
 10
277.4414654597833
 20
132.9528846200446
 10
282.49847804607424
 20
131.9550586635892
 10
287.5554906420983
 20
130.95723275155729
 10
292.6125032476788
 20
129.95940688314278
 10
297.6695158626433
 20
128.96158105755887
 10
302.7265284868237
 20
127.96375527403752
 10
307.78354112005565
 20
126.96592953182906
 10
312.8405537621787
 20
125.9681038302014
 10
317.8975664130363
 20
124.97027816843975
 10
322.9545790724755
 20
123.972452545846
 10
328.01159174034683
 20
122.97462696173817
 10
333.0686044165044
 20
121.97680141545007
 10
338.1256171008055
 20
120.97897590633083
 10
343.18262979311095
 20
119.98115043374438
 10
348.2396424932843
 20
118.98332499706905
 10
353.29665520119266
 20
117.98549959569732
 10
358.35366791670583
 20
116.98767422903515
 10
363.41068063969647
 20
115.98984889650188
 10
368.46769337004025
 20
114.99202359752961
 10
373.5247061076155
 20
113.99419833156304
 10
378.58171885230325
 20
112.9963730980591
 10
383.638731603987
 20
111.99854789648646
 10
388.69574436255306
 20
111.00072272632538
 10
393.7527571278898
 20
110.00289758706735
 10
398.8097698998883
 20
109.00507247821476
 10
403.8667826784419
 20
108.00724739928062
 10
408.9237954634461
 20
107.00942234978825
 10
413.98080825479866
 20
106.01159732927115
 10
419.0378210523996
 20
105.01377233727253
 10
424.09483385615084
 20
104.01594737334517
 10
429.15184666595644
 20
103.01812243705119
 10
434.2088594817225
 20
102.0202975279617
 10
439.26587230335707
 20
101.0224726456567
 10
444.32288513076986
 20
100.0246477897248
 10
449.37989796387257
 20
99.02682295976291
 10
454.4369108025788
 20
98.0289981553762
 10
459.4939236468036
 20
97.03117337617776
 10
464.5509364964641
 20
96.03334862178848
 10
469.60794935147874
 20
95.03552389183677
 10
474.6649622117679
 20
94.03769918595845
 10
479.7219750772532
 20
93.03987450379653
 10
484.77898794785807
 20
92.04204984500107
 10
489.8360008235073
 20
91.04422520922894
 10
494.8930137041272
 20
90.04640059614377
 10
499.9500265896454
 20
89.04857600541561
  0
LWPOLYLINE
  5
12f
330
1F
100
AcDbEntity
  8
main_beam_width
100
AcDbPolyline
 90
100
 70
0
43
0.0
 10
1.3976778712217361
 20
163.57930042958515
 10
6.4207156968815795
 20
162.3683530096315
 10
11.443753490287989
 20
161.15740544246734
 10
16.466791252309093
 20
159.946457732055
 10
21.489828983782147
 20
158.7355098822158
 10
26.512866685514883
 20
157.52456189663644
 10
31.53590435828682
 20
156.31361377887472
 10
36.558942002850465
 20
155.10266553236528
 10
41.58197961993247
 20
153.89171716042466
 10
46.605017210234756
 20
152.68076866625657
 10
51.62805477443553
 20
151.46982005295644
 10
56.651092313190304
 20
150.25887132351616
 10
61.67412982713281
 20
149.0479224808282
 10
66.6971673168759
 20
147.8369735276898
 10
71.72020478301248
 20
146.6260244668068
 10
76.7432422261161
 20
145.41507530079747
 10
81.76627964674203
 20
144.20412603219583
 10
86.78931704542778
 20
142.9931766634551
 10
91.81235442269382
 20
141.782227196951
 10
96.83539177904431
 20
140.57127763498463
 10
101.85842911496772
 20
139.3603279797854
 10
106.88146643093748
 20
138.14937823351391
 10
111.90450372741238
 20
136.93842839826453
 10
116.92754100483737
 20
135.7274784760678
 10
121.95057826364388
 20
134.51652846889306
 10
126.97361550425049
 20
133.30557837865052
 10
131.99665272706318
 20
132.09462820719364
 10
137.01968993247618
 20
130.8836779563211
 10
142.04272712087194
 20
129.67272762777887
 10
147.06576429262185
 20
128.46177722326212
 10
152.08880144808663
 20
127.25082674441707
 10
157.11183858761663
 20
126.03987619284266
 10
162.13487571155216
 20
124.82892557009237
 10
167.157912820224
 20
123.61797487767569
 10
172.18094991395355
 20
122.40702411705973
 10
177.20398699305326
 20
121.19607328967078
 10
182.22702405782704
 20
119.98512239689552
 10
187.25006110857032
 20
118.77417144008254
 10
192.27309814557054
 20
117.56322042054363
 10
197.2961351691072
 20
116.35226933955495
 10
202.31917217945252
 20
115.14131819835829
 10
207.34220917687125
 20
113.93036699816224
 10
212.3652461616211
 20
112.71941574014322
 10
217.388283133953
 20
111.50846442544656
 10
222.41132009411135
 20
110.29751305518762
 10
227.4343570423341
 20
109.08656163045258
 10
232.45739397885322
 20
107.8756101522996
 10
237.4804309038944
 20
106.66465862175951
 10
242.50346781767783
 20
105.45370703983687
 10
247.52650472041796
 20
104.2427554075107
 10
252.5495416123239
 20
103.03180372573526
 10
257.5725784935994
 20
101.82085199544092
 10
262.59561536444335
 20
100.60990021753483
 10
267.6186522250496
 20
99.39894839290169
 10
272.64168907560696
 20
98.18799652240439
 10
277.6647259163002
 20
96.97704460688472
 10
282.687762747309
 20
95.76609264716402
 10
287.7107995688091
 20
94.5551406440437
 10
292.7338363809718
 20
93.34418859830599
 10
297.75687318396456
 20
92.1332365107144
 10
302.7799099779504
 20
90.92228438201431
 10
307.802946763089
 20
89.71133221293354
 10
312.825983539536
 20
88.50038000418273
 10
317.8490203074435
 20
87.28942775645604
 10
322.8720570669601
 20
86.07847547043153
 10
327.8950938182308
 20
84.86752314677156
 10
332.91813056139745
 20
83.65657078612334
 10
337.94116729659873
 20
82.44561838911932
 10
342.96420402396996
 20
81.23466595637765
 10
347.9872407436434
 20
80.02371348850248
 10
353.0102774557487
 20
78.81276098608443
 10
358.0333141604122
 20
77.60180844970101
 10
363.05635085775776
 20
76.39085587991687
 10
368.0793875479063
 20
75.17990327728424
 10
373.10242423097617
 20
73.96895064234324
 10
378.12546090708315
 20
72.75799797562222
 10
383.1484975763404
 20
71.54704527763803
 10
388.1715342388588
 20
70.33609254889646
 10
393.19457089474673
 20
69.12513978989237
 10
398.2176075441104
 20
67.91418700111008
 10
403.2406441870536
 20
66.70323418302364
 10
408.26368082367793
 20
65.49228133609708
 10
413.2867174540831
 20
64.28132846078472
 10
418.3097540783664
 20
63.070375557531314
 10
423.3327906966233
 20
61.859422626772464
 10
428.35582730894737
 20
60.64846966893468
 10
433.37886391543
 20
59.437516684435785
 10
438.4019005161608
 20
58.226563673684964
 10
443.4249371112279
 20
57.0156106370831
 10
448.4479737007171
 20
55.80465757502301
 10
453.47101028471275
 20
54.593704487889525
 10
458.4940468632975
 20
53.38275137605977
 10
463.51708343655247
 20
52.17179823990337
 10
468.5401200045568
 20
50.9608450797826
 10
473.56315656738843
 20
49.74989189605255
 10
478.5861931251236
 20
48.538938689061396
 10
483.60922967783716
 20
47.327985459150426
 10
488.63226622560217
 20
46.117032206654365
 10
493.655302768491
 20
44.90607893190129
 10
498.67833930657366
 20
43.695125635213216
  0
LWPOLYLINE
  5
130
330
1F
100
AcDbEntity
  8
main_beam_width
100
AcDbPolyline
 90
100
 70
0
43
0.0
 10
498.6821207598982
 20
43.77568701573404
 10
488.72682167593774
 20
42.344617918681536
 10
478.77152260592305
 20
40.91354873505179
 10
468.8162235501824
 20
39.482479462806694
 10
458.8609245090544
 20
38.05141009984366
 10
448.9056254828887
 20
36.62034064399302
 10
438.9503264720459
 20
35.189271093015414
 10
428.9950274768985
 20
33.75820144459889
 10
419.039728497831
 20
32.32713169635598
 10
409.0844295352406
 20
30.89606184582054
 10
399.12913058953785
 20
29.464991890444583
 10
389.17383166114683
 20
28.03392182759473
 10
379.21853275050603
 20
26.60285165454871
 10
369.26323385806904
 20
25.17178136849152
 10
359.30793498430467
 20
23.740710966511426
 10
349.35263612969834
 20
22.30964044559585
 10
339.39733729475216
 20
20.87856980262688
 10
329.4420384799862
 20
19.447499034376698
 10
319.48673968593874
 20
18.016428137502608
 10
309.5314409131677
 20
16.58535710854199
 10
299.57614216225096
 20
15.154285943906775
 10
289.62084343378757
 20
13.72321463987776
 10
279.6655447283988
 20
12.292143192598553
 10
269.71024604672886
 20
10.86107159806922
 10
259.7549473894463
 20
9.429999852139458
 10
249.799648757245
 20
7.998927950501569
 10
239.84435015084543
 20
6.56785588868284
 10
229.88905157099597
 20
5.136783662037625
 10
219.93375301847402
 20
3.705711265738862
 10
209.97845449408797
 20
2.274638694769182
 10
200.023155998678
 20
0.8435659439113424
 10
190.0678575331184
 20
-0.5875069922616633
 10
180.11255909831885
 20
-2.0185801193974564
 10
170.15726069522628
 20
-3.449653443375417
 10
160.20196232482732
 20
-4.880726970318827
 10
150.24666398814935
 20
-6.311800706607543
 10
140.2913656862637
 20
-7.742874658891688
 10
130.3360674202873
 20
-9.173948834106021
 10
120.38076919138568
 20
-10.605023239485368
 10
110.4254710007751
 20
-12.036097882581046
 10
100.47017284972576
 20
-13.467172771278305
 10
90.51487473956443
 20
-14.898247913815082
 10
80.5595766716784
 20
-16.329323318801826
 10
70.60427864751784
 20
-17.760398995242912
 10
60.64898066860036
 20
-19.19147495255931
 10
50.693682736514425
 20
-20.622551200613113
 10
40.73838485292397
 20
-22.053627749733476
 10
30.78308701957255
 20
-23.484704610744743
 10
20.827789238288265
 20
-24.915781794996413
 10
10.872491510989068
 20
-26.346859314395356
 10
0.9171938396884127
 20
-27.777937181440546
 10
-9.038103773499229
 20
-29.209015409260257
 10
-18.99340132635119
 20
-30.640094011652103
 10
-28.94869881653017
 20
-32.071173003126454
 10
-38.9039962415767
 20
-33.50225239895284
 10
-48.85929359890084
 20
-34.93333221521036
 10
-58.81459088577301
 20
-36.36441246884205
 10
-68.76988809931572
 20
-37.79549317771366
 10
-78.72518523649231
 20
-39.226574360677404
 10
-88.68048229409608
 20
-40.657656037640905
 10
-98.63577926873812
 20
-42.0887382296421
 10
-108.5910761568345
 20
-43.519820958930715
 10
-118.54637295459192
 20
-44.95090424905665
 10
-128.50166965799227
 20
-46.381988124966526
 10
-138.4569662627747
 20
-47.81307261310851
 10
-148.41226276441898
 20
-49.24415774154726
 10
-158.36755915812384
 20
-50.67524354008931
 10
-168.32285543878544
 20
-52.106330040420104
 10
-178.27815160097282
 20
-53.537417276254715
 10
-188.23344763890205
 20
-54.96850528350272
 10
-198.18874354640593
 20
-56.39959410044994
 10
-208.1440393169025
 20
-57.830683767958
 10
-218.0993349433593
 20
-59.261774329684854
 10
-228.05463041825436
 20
-60.69286583232817
 10
-238.00992573353298
 20
-62.123958325894236
 10
-247.96522088055883
 20
-63.55505186399665
 10
-257.9205158500616
 20
-64.98614650418725
 10
-267.87581063207733
 20
-66.41724230832446
 10
-277.8311052158821
 20
-67.84833934298409
 10
-287.78639958991823
 20
-69.27943767991715
 10
-297.7416937417118
 20
-70.71053739656314
 10
-307.6969876577802
 20
-72.14163857662493
 10
-317.65228132352763
 20
-73.57274131071482
 10
-327.607574723128
 20
-75.00384569708262
 10
-337.56286783939294
 20
-76.43495184243763
 10
-347.5181606536214
 20
-77.86605986287867
 10
-357.4734531454296
 20
-79.2971698849503
 10
-367.4287452925578
 20
-80.72828204684419
 10
-377.3840370706492
 20
-82.15939649977052
 10
-387.33932845299734
 20
-83.59051340952789
 10
-397.2946194102552
 20
-85.02163295830559
 10
-407.24990991010145
 20
-86.45275534676014
 10
-417.20519991685313
 20
-87.88388079641554
 10
-427.1604893910178
 20
-89.31500955244778
 10
-437.11577828877046
 20
-90.74614188692729
 10
-447.0710665613436
 20
-92.17727810260986
 10
-457.02635415431024
 20
-93.60841853738727
 10
-466.9816410067379
 20
-95.03956356953505
 10
-476.936927050188
 20
-96.47071362393014
 10
-486.8922122075231
 20
-97.90186917945296
  0
LWPOLYLINE
  5
131
330
1F
100
AcDbEntity
  8
main_beam_width
100
AcDbPolyline
 90
100
 70
0
43
0.0
 10
499.95077467006195
 20
89.13085243829242
 10
489.9654586296727
 20
87.34844449879832
 10
479.98014257537005
 20
85.56603664568107
 10
469.99482650682563
 20
83.7836288809783
 10
460.00951042370093
 20
82.00122120679225
 10
450.0241943256464
 20
80.21881362529234
 10
440.0388782123015
 20
78.43640613871787
 10
430.05356208329357
 20
76.65399874938083
 10
420.06824593823825
 20
74.87159145966899
 10
410.0829297767381
 20
73.0891842720488
 10
400.09761359838257
 20
71.30677718906894
 10
390.11229740274746
 20
69.52437021336357
 10
380.12698118939403
 20
67.741963347656
 10
370.1416649578686
 20
65.95955659476257
 10
360.15634870770197
 20
64.17714995759653
 10
350.17103243840853
 20
62.394743439172295
 10
340.18571614948576
 20
60.61233704260995
 10
330.20039984041324
 20
58.82993077113981
 10
320.21508351065216
 20
57.047524628107375
 10
310.2297671596442
 20
55.26511861697853
 10
300.24445078681083
 20
53.48271274134499
 10
290.25913439155227
 20
51.70030700493007
 10
280.2738179732467
 20
49.91790141159473
 10
270.2885015312488
 20
48.13549596534404
 10
260.30318506488936
 20
46.353090670334
 10
250.31786857347333
 20
44.5706855308786
 10
240.33255205627907
 20
42.788280551457504
 10
230.3472355125572
 20
41.005875736724064
 10
220.36191894152878
 20
39.22347109151378
 10
210.37660234238405
 20
37.441066620853306
 10
200.391285714281
 20
35.658662329970035
 10
190.40596905634365
 20
33.87625822430217
 10
180.42065236766047
 20
32.09385430950952
 10
170.43533564728213
 20
30.31145059148481
 10
160.45001889421988
 20
28.529047076365845
 10
150.4647021074437
 20
26.74664377054846
 10
140.47938528587937
 20
24.964240680700023
 10
130.49406842840705
 20
23.181837813774212
 10
120.50875153385799
 20
21.39943517702643
 10
110.523434601012
 20
19.61703277803035
 10
100.53811762859527
 20
17.834630624695627
 10
90.55280061527654
 20
16.052228725286646
 10
80.56748355966403
 20
14.269827088442739
 10
70.58216646030246
 20
12.487425723199594
 10
60.596849315668834
 20
10.705024639012303
 10
50.611532124168356
 20
8.922623845779958
 10
40.62621488413104
 20
7.140223353872072
 10
30.64089759380606
 20
5.357823174156742
 10
20.65558025135772
 20
3.575423318031137
 10
10.670262854859558
 20
1.793023797453941
 10
0.6849454022894719
 20
0.010624624980470898
 10
-9.30037210847756
 20
-1.7717741861997816
 10
-19.285689679674476
 20
-3.5541726222223513
 10
-29.271007313650177
 20
-5.336570668504362
 10
-39.256325012877234
 20
-7.118968309697188
 10
-49.24164277995935
 20
-8.90136552963558
 10
-59.2269606176411
 20
-10.683762311282665
 10
-69.21227852881651
 20
-12.466158636670304
 10
-79.19759651654023
 20
-14.24855448683468
 10
-89.18291458403871
 20
-16.03094984174634
 10
-99.16823273472208
 20
-17.813344680234238
 10
-109.15355097219759
 20
-19.5957389799033
 10
-119.13886930028472
 20
-21.378132717044597
 10
-129.12418772302925
 20
-23.160525866537593
 10
-139.10950624472252
 20
-24.942918401743576
 10
-149.09482486991854
 20
-26.72531029438911
 10
-159.08014360345558
 20
-28.507701514438764
 10
-169.0654624504778
 20
-30.29009202995568
 10
-179.0507814164607
 20
-32.07248180694859
 10
-189.03610050723728
 20
-33.85487080920416
 10
-199.02141972902842
 20
-35.63725899810222
 10
-209.00673908847565
 20
-37.41964633241251
 10
-218.99205859267667
 20
-39.20203276807044
 10
-228.9773782492258
 20
-40.9844182579292
 10
-238.96269806625813
 20
-42.76680275148563
 10
-248.94801805249833
 20
-44.549186194576066
 10
-258.9333382173149
 20
-46.331568529038634
 10
-268.91865857078113
 20
-48.11394969233746
 10
-278.9039791237422
 20
-49.89632961714358
 10
-288.8892998878909
 20
-51.678708230866896
 10
-298.8746208758518
 20
-53.461085455132036
 10
-308.8599421012762
 20
-55.24346120519044
 10
-318.8452635789483
 20
-57.02583538925908
 10
-328.8305853249057
 20
-58.80820790777538
 10
-338.8159073565742
 20
-60.590578652555045
 10
-348.80122969292273
 20
-62.37294750583841
 10
-358.7865523546365
 20
-64.15531433920727
 10
-368.7718753643169
 20
-65.9376790123511
 10
-378.7571987467072
 20
-67.72004137165807
 10
-388.7425225289538
 20
-69.50240124860102
 10
-398.727846740904
 20
-71.28475845788218
 10
-408.71317141545137
 20
-73.06711279529429
 10
-418.6984965889339
 20
-74.84946403524606
 10
-428.68382230159705
 20
-76.6318119278879
 10
-438.66914859813346
 20
-78.41415619576233
 10
-448.65447552831404
 20
-80.19649652988298
 10
-458.6398031477308
 20
-81.97883258512631
 10
-468.62513151867347
 20
-83.76116397479092
 10
-478.6104607111682
 20
-85.54349026414351
 10
-488.59579080421764
 20
-87.32581096272466
  0
LWPOLYLINE
  5
132
330
1F
100
AcDbEntity
  8
main_beam_width
100
AcDbPolyline
 90
100
 70
0
43
0.0
 10
593.366987827011
 20
124.02703914906884
 10
603.2856119713313
 20
125.91160709670137
 10
613.2042308476599
 20
127.79620435203609
 10
623.1228449256892
 20
129.68082830200984
 10
633.041454620992
 20
131.56547663464184
 10
642.9600603025852
 20
133.45014729696214
 10
652.8786622992595
 20
135.33483845979106
 10
662.7972609049068
 20
137.2195484881037
 10
672.7158563830237
 20
139.10427591597562
 10
682.6344489705358
 20
140.98901942530438
 10
692.553038881061
 20
142.87377782766086
 10
702.4716263077012
 20
144.75855004874714
 10
712.3902114254465
 20
146.6433351150339
 10
722.308794393246
 20
148.52813214223062
 10
732.227375355803
 20
150.41294032530118
 10
742.1459544451344
 20
152.29775892978938
 10
752.0645317819293
 20
154.18258728425803
 10
761.9831074767379
 20
156.06742477367868
 10
771.9016816310124
 20
157.95227083363545
 10
781.8202543380239
 20
159.83712494522857
 10
791.7388256836697
 20
161.72198663058097
 10
801.6573957471875
 20
163.6068554488663
 10
811.5759646017873
 20
165.49173099278966
 10
821.4945323152143
 20
167.37661288546124
 10
831.4130989502486
 20
169.26150077761332
 10
841.3316645651518
 20
171.14639434511716
 10
851.2502292140651
 20
173.0312932867629
 10
861.1687929473688
 20
174.91619732227028
 10
871.0873558120013
 20
176.80110619050325
 10
881.0059178517487
 20
178.6860196478637
 10
890.9244791075048
 20
180.5709374668446
 10
900.8430396175062
 20
182.45585943472358
 10
910.761599417544
 20
184.3407853523819
 10
920.6801585411562
 20
186.22571503323482
 10
930.5987170198026
 20
188.11064830226107
 10
940.5172748830229
 20
189.99558499512128
 10
950.4358321585804
 20
191.8805249573557
 10
960.3543888725951
 20
193.7654680436531
 10
970.2729450496614
 20
195.6504141171838
 10
980.1915007129594
 20
197.53536304898995
 10
990.1100558843543
 20
199.42031471742757
 10
1000.0286105844882
 20
201.30526900765594
 10
1009.9471648328653
 20
203.19022581116832
 10
1019.8657186479281
 20
205.07518502536166
 10
1029.784272047129
 20
206.96014655314053
 10
1039.7028250469966
 20
208.84511030255265
 10
1049.621377663195
 20
210.7300761864529
 10
1059.53992991058
 20
212.6150441221934
 10
1069.45848180325
 20
214.50001403133706
 10
1079.3770333545951
 20
216.3849858393932
 10
1089.2955845773392
 20
218.26995947557214
 10
1099.2141354835826
 20
220.1549348725585
 10
1109.1326860848378
 20
222.03991196630062
 10
1119.0512363920666
 20
223.92489069581535
 10
1128.969786415712
 20
225.80987100300615
 10
1138.8883361657279
 20
227.69485283249483
 10
1148.8068856516077
 20
229.57983613146405
 10
1158.725434882412
 20
231.4648208495113
 10
1168.6439838667902
 20
233.34980693851233
 10
1178.5625326130064
 20
235.23479435249394
 10
1188.4810811289585
 20
237.11978304751523
 10
1198.3996294222
 20
239.00477298155639
 10
1208.3181774999564
 20
240.8897641144151
 10
1218.2367253691452
 20
242.77475640760915
 10
1228.155273036391
 20
244.65974982428554
 10
1238.0738205080402
 20
246.5447443291352
 10
1247.992367790176
 20
248.4297398883129
 10
1257.910914888633
 20
250.3147364693622
 10
1267.8294618090079
 20
252.1997340411452
 10
1277.7480085566726
 20
254.08473257377585
 10
1287.6665551367853
 20
255.969732038558
 10
1297.5851015543005
 20
257.85473240792663
 10
1307.5036478139798
 20
259.73973365539285
 10
1317.4221939204008
 20
261.62473575549166
 10
1327.3407398779643
 20
263.5097386837331
 10
1337.2592856909066
 20
265.39474241655597
 10
1347.1778313633029
 20
267.27974693128436
 10
1357.096376899078
 20
269.1647522060864
 10
1367.0149223020114
 20
271.0497582199352
 10
1376.9334675757439
 20
272.9347649525723
 10
1386.8520127237853
 20
274.81977238447286
 10
1396.7705577495194
 20
276.7047804968127
 10
1406.6891026562098
 20
278.589789271437
 10
1416.607647447004
 20
280.4747986908313
 10
1426.5261921249403
 20
282.35980873809285
 10
1436.4447366929523
 20
284.24481939690475
 10
1446.3632811538714
 20
286.1298306515106
 10
1456.2818255104335
 20
288.0148424866902
 10
1466.2003697652826
 20
289.8998548877378
 10
1476.1189139209732
 20
291.7848678404397
 10
1486.037457979975
 20
293.6698813310542
 10
1495.9560019446767
 20
295.55489534629254
 10
1505.8745458173892
 20
297.43990987329965
 10
1515.7930896003484
 20
299.3249248996372
 10
1525.711633295718
 20
301.2099404132665
 10
1535.6301769055929
 20
303.0949564025329
 10
1545.5487204320018
 20
304.97997285615014
 10
1555.4672638769098
 20
306.8649897631865
 10
1565.3858072422202
 20
308.7500071130505
 10
1575.3043505297787
 20
310.63502489547795
  0
LWPOLYLINE
  5
133
330
1F
100
AcDbEntity
  8
main_beam_width
100
AcDbPolyline
 90
100
 70
0
43
0.0
 10
593.3941321671689
 20
117.80605411411423
 10
603.358873419248
 20
119.49536910591578
 10
613.3236200037304
 20
121.18465443166953
 10
623.2883714432206
 20
122.87391274729617
 10
633.253127315549
 20
124.56314640147414
 10
643.2178872460256
 20
126.25235747873792
 10
653.1826509009584
 20
127.9415478355321
 10
663.1474179822055
 20
129.6307191305268
 10
673.1121882225705
 20
131.31987285023087
 10
683.0769613818946
 20
133.00901033073072
 10
693.0417372437271
 20
134.69813277622112
 10
703.0065156124725
 20
136.38724127486634
 10
712.9712963109424
 20
138.07633681242862
 10
722.9360791782424
 20
139.7654202840225
 10
732.9008640679425
 20
141.45449250428823
 10
742.8656508464901
 20
143.14355421622656
 10
752.830439391826
 20
144.83260609889604
 10
762.7952295921752
 20
146.52164877413952
 10
772.7600213449879
 20
148.2106828124803
 10
782.7248145560067
 20
149.89970873830399
 10
792.6896091384466
 20
151.58872703442594
 10
802.6544050122695
 20
153.27773814612692
 10
812.6192021035415
 20
154.96674248472797
 10
822.5840003438622
 20
156.65574043076475
 10
832.5487996698567
 20
158.3447323368125
 10
842.5136000227236
 20
160.03371853000604
 10
852.4784013478293
 20
161.7226993142918
 10
862.4432035943453
 20
163.4116749724453
 10
872.4080067149233
 20
165.10064576788182
 10
882.3728106654025
 20
166.789611946284
 10
892.337615404546
 20
168.47857373706876
 10
902.3024208938022
 20
170.16753135471023
 10
912.2672270970908
 20
171.85648499993655
 10
922.2320339806075
 20
173.54543486081286
 10
932.1968415126477
 20
175.234381113724
 10
942.1616496634455
 20
176.92332392426675
 10
952.1264584050286
 20
178.6122634480619
 10
962.0912677110847
 20
180.30119983149396
 10
972.0560775568406
 20
181.99013321238593
 10
982.0208879189506
 20
183.67906372061606
 10
991.9856987753964
 20
185.36799147868166
 10
1001.9505101053929
 20
187.05691660221612
 10
1011.9153218893042
 20
188.7458392004627
 10
1021.8801341085643
 20
190.43475937670968
 10
1031.844946745606
 20
192.12367722869052
 10
1041.8097597837937
 20
193.81259284895236
 10
1051.774573207364
 20
195.50150632519518
 10
1061.7393870013677
 20
197.19041774058488
 10
1071.7042011516194
 20
198.87932717404277
 10
1081.6690156446475
 20
200.56823470051253
 10
1091.6338304676522
 20
202.25714039120768
 10
1101.5986456084618
 20
203.94604431384082
 10
1111.5634610554962
 20
205.63494653283593
 10
1121.528276797731
 20
207.32384710952573
 10
1131.4930928246652
 20
209.01274610233472
 10
1141.4579091262883
 20
210.7016435669494
 10
1151.422725693055
 20
212.39053955647697
 10
1161.387542515857
 20
214.07943412159278
 10
1171.3523595859967
 20
215.76832731067788
 10
1181.317176895168
 20
217.45721916994748
 10
1191.281994435431
 20
219.1461097435707
 10
1201.2468121991944
 20
220.83499907378246
 10
1211.2116301791955
 20
222.52388720098836
 10
1221.1764483684822
 20
224.21277416386255
 10
1231.1412667603984
 20
225.90165999943935
 10
1241.1060853485658
 20
227.59054474319944
 10
1251.070904126872
 20
229.2794284291503
 10
1261.0357230894556
 20
230.968311089902
 10
1271.0005422306929
 20
232.65719275673803
 10
1280.9653615451875
 20
234.34607345968232
 10
1290.930181027758
 20
236.0349532275618
 10
1300.8950006734271
 20
237.7238320880655
 10
1310.8598204774128
 20
239.4127100678002
 10
1320.8246404351169
 20
241.1015871923426
 10
1330.7894605421188
 20
242.7904634862889
 10
1340.7542807941652
 20
244.4793389733013
 10
1350.7191011871628
 20
246.1682136761517
 10
1360.6839217171714
 20
247.8570876167634
 10
1370.6487423803953
 20
249.5459608162502
 10
1380.6135631731781
 20
251.23483329495326
 10
1390.578384091997
 20
252.92370507247637
 10
1400.5432051334537
 20
254.61257616771888
 10
1410.5080262942727
 20
256.30144659890715
 10
1420.4728475712939
 20
257.9903163836241
 10
1430.4376689614662
 20
259.67918553883743
 10
1440.4024904618464
 20
261.3680540809265
 10
1450.3673120695917
 20
263.0569220257072
 10
1460.3321337819557
 20
264.7457893884562
 10
1470.2969555962852
 20
266.4346561839338
 10
1480.2617775100164
 20
268.12352242640543
 10
1490.2265995206703
 20
269.8123881296621
 10
1500.1914216258497
 20
271.5012533070405
 10
1510.1562438232354
 20
273.1901179714407
 10
1520.1210661105845
 20
274.87898213534464
 10
1530.085888485725
 20
276.56784581083247
 10
1540.0507109465552
 20
278.25670900959886
 10
1550.0155334910394
 20
279.945571742968
 10
1559.9803561172064
 20
281.6344340219084
 10
1569.9451788231454
 20
283.3232958570466
 10
1579.910001607006
 20
285.0121572586804
  0
LINE
  5
135
330
1F
100
AcDbEntity
  8
Mirrors
100
AcDbLine
 10
493.4718262280012
 20
225.0
 30
0.0
  11
592.9264073754134
 21
225.0
 31
0.0
  0
LINE
  5
136
330
1F
100
AcDbEntity
  8
Mirrors
100
AcDbLine
 10
594.0172450805889
 20
-25.000000000000007
 30
0.0
  11
493.47182622800113
 21
-24.999999999999993
 31
0.0
  0
LINE
  5
137
330
1F
100
AcDbEntity
  8
Mirrors
100
AcDbLine
 10
503.47182622800113
 20
-24.999999999999993
 30
0.0
  11
503.47182622800113
 21
225.0
 31
0.0
  0
LWPOLYLINE
  5
138
330
1F
100
AcDbEntity
  8
Mirrors
100
AcDbPolyline
 90
60
 70
0
43
0.0
 10
493.47182622800113
 20
-24.999999999999993
 10
493.9154103764487
 20
-20.68965517241378
 10
494.34327398937626
 20
-16.379310344827577
 10
494.7554339562115
 20
-12.068965517241375
 10
495.1519065236281
 20
-7.75862068965516
 10
495.5327072987863
 20
-3.4482758620689586
 10
495.8978512524397
 20
0.8620689655172431
 10
496.2473527219083
 20
5.172413793103459
 10
496.58122541392066
 20
9.48275862068966
 10
496.89948240732406
 20
13.793103448275861
 10
497.2021361556684
 20
18.10344827586208
 10
497.48919848965886
 20
22.413793103448278
 10
497.7606806194843
 20
26.724137931034495
 10
498.0165931370188
 20
31.034482758620697
 10
498.2569460178993
 20
35.3448275862069
 10
498.4817486234786
 20
39.65517241379311
 10
498.6910097026564
 20
43.96551724137932
 10
498.88473739358756
 20
48.27586206896552
 10
499.06293922527
 20
52.58620689655173
 10
499.2256221190116
 20
56.896551724137936
 10
499.37279238977715
 20
61.20689655172414
 10
499.5044557474171
 20
65.51724137931035
 10
499.6206172977763
 20
69.82758620689656
 10
499.7212815436854
 20
74.13793103448276
 10
499.80645238583486
 20
78.44827586206897
 10
499.87613312353074
 20
82.75862068965517
 10
499.93032645533464
 20
87.06896551724138
 10
499.96903447958584
 20
91.37931034482759
 10
499.99225869480813
 20
95.68965517241381
 10
500.0
 20
100.0
 10
500.0
 20
100.0
 10
499.99225869480813
 20
104.3103448275862
 10
499.96903447958584
 20
108.62068965517243
 10
499.93032645533464
 20
112.93103448275862
 10
499.87613312353074
 20
117.24137931034484
 10
499.80645238583486
 20
121.55172413793105
 10
499.7212815436854
 20
125.86206896551724
 10
499.6206172977763
 20
130.17241379310346
 10
499.5044557474171
 20
134.48275862068965
 10
499.37279238977715
 20
138.79310344827587
 10
499.2256221190116
 20
143.10344827586206
 10
499.06293922527
 20
147.41379310344826
 10
498.88473739358756
 20
151.72413793103448
 10
498.6910097026564
 20
156.0344827586207
 10
498.4817486234786
 20
160.3448275862069
 10
498.2569460178993
 20
164.65517241379314
 10
498.0165931370188
 20
168.9655172413793
 10
497.7606806194843
 20
173.2758620689655
 10
497.48919848965886
 20
177.58620689655174
 10
497.2021361556684
 20
181.89655172413794
 10
496.89948240732406
 20
186.20689655172416
 10
496.58122541392066
 20
190.51724137931038
 10
496.2473527219083
 20
194.82758620689654
 10
495.8978512524397
 20
199.13793103448276
 10
495.5327072987863
 20
203.44827586206898
 10
495.15190652362816
 20
207.75862068965517
 10
494.75543395621156
 20
212.0689655172414
 10
494.34327398937626
 20
216.37931034482762
 10
493.9154103764487
 20
220.68965517241378
 10
493.47182622800113
 20
225.0
  0
LINE
  5
139
330
1F
100
AcDbEntity
  8
Mirrors
100
AcDbLine
 10
592.9264073754134
 20
225.0
 30
0.0
  11
594.0172450805889
 21
-25.000000000000007
 31
0.0
  0
LINE
  5
13a
330
1F
100
AcDbEntity
  8
Mirrors
100
AcDbLine
 10
5.736075192595381
 20
105.21535373673332
 30
0.0
  11
-43.747653690479616
 21
100.88608843047393
 31
0.0
  0
LINE
  5
13b
330
1F
100
AcDbEntity
  8
Mirrors
100
AcDbLine
 10
-57.4730271456529
 20
250.2582494819887
 30
0.0
  11
-7.337286219553336
 21
254.64455845049517
 31
0.0
  0
LINE
  5
13c
330
1F
100
AcDbEntity
  8
Mirrors
100
AcDbLine
 10
-12.318259710012065
 20
254.20877973675687
 30
0.0
  11
0.7551017021366528
 21
104.77957502299503
 31
0.0
  0
LWPOLYLINE
  5
13d
330
1F
100
AcDbEntity
  8
Mirrors
100
AcDbPolyline
 90
60
 70
0
43
0.0
 10
-7.337286219553337
 20
254.64455845049517
 10
-7.057615422943057
 20
252.07294068796782
 10
-6.779849568033677
 20
249.50115626463688
 10
-6.503988568985134
 20
246.92920518801253
 10
-6.230032343082801
 20
244.3570874653313
 10
-5.957980810740588
 20
241.78480310355607
 10
-5.687833895497461
 20
239.2123521093763
 10
-5.419591524018988
 20
236.63973448920794
 10
-5.153253626095398
 20
234.06695024919355
 10
-4.888820134641209
 20
231.4939993952023
 10
-4.626290985695208
 20
228.92088193283016
 10
-4.365666118419307
 20
226.3475978673997
 10
-4.1069454750985335
 20
223.77414720396038
 10
-3.850129001139871
 20
221.20052994728846
 10
-3.5952166450730347
 20
218.62674610188697
 10
-3.3422083585485356
 20
216.05279567198593
 10
-3.0911040963384537
 20
213.4786786615423
 10
-2.8419038163360506
 20
210.90439507423997
 10
-2.5946074795534506
 20
208.3299449134899
 10
-2.3492150501247315
 20
205.75532818242993
 10
-2.105726495303219
 20
203.1805448839251
 10
-1.8641417854611002
 20
200.60559502056745
 10
-1.6244608940905818
 20
198.03047859467614
 10
-1.3866837978027309
 20
195.45519560829737
 10
-1.1508104763278617
 20
192.87974606320464
 10
-0.9168409125143734
 20
190.30412996089836
 10
-0.6847750923299131
 20
187.72834730260632
 10
-0.45461300486021305
 20
185.15239808928334
 10
-0.2263546423094784
 20
182.5762823216115
 10
0.0
 20
180.0
 10
0.0
 20
180.0
 10
0.22445092362668442
 20
177.4235511245852
 10
0.4469981270121125
 20
174.8469356952308
 10
0.6676416054785751
 20
172.2701537115275
 10
0.8863813512302776
 20
169.69320517279328
 10
1.1032173533529523
 20
167.11609007807326
 10
1.3181495978142457
 20
164.53880842613978
 10
1.5311780674625577
 20
161.96136021549222
 10
1.742302742028202
 20
159.3837454443573
 10
1.9515235981222456
 20
156.80596411068868
 10
2.1588406092368966
 20
154.22801621216726
 10
2.3642537457443407
 20
151.6499017462009
 10
2.5677629748979025
 20
149.07162070992473
 10
2.769368260831662
 20
146.4931731002008
 10
2.969069564557744
 20
143.91455891361812
 10
3.1668668439694074
 20
141.33577814649288
 10
3.362760053838733
 20
138.7568307948681
 10
3.5567491458162337
 20
136.1777168545138
 10
3.7488340684316217
 20
133.59843632092688
 10
3.939014767091885
 20
131.01898918933105
 10
4.127291184082047
 20
128.43937545467693
 10
4.31366325856402
 20
125.85959511164188
 10
4.498130926576595
 20
123.27964815463
 10
4.680694121034283
 20
120.69953457777208
 10
4.861352771727319
 20
118.1192543749256
 10
5.04010680532127
 20
115.53880753967455
 10
5.216956145355097
 20
112.95819406532954
 10
5.391900712242719
 20
110.3774139449276
 10
5.564940423269502
 20
107.79646717123221
 10
5.736075192595383
 20
105.2153537367333
  0
LINE
  5
13e
330
1F
100
AcDbEntity
  8
Mirrors
100
AcDbLine
 10
-43.747653690479616
 20
100.88608843047393
 30
0.0
  11
-57.4730271456529
 21
250.2582494819887
 31
0.0
  0
LINE
  5
13f
330
1F
100
AcDbEntity
  8
Mirrors
100
AcDbLine
 10
327.9926087014098
 20
230.4150897577155
 30
0.0
  11
282.62775213742407
 21
212.72807127005365
 31
0.0
  0
LINE
  5
140
330
1F
100
AcDbEntity
  8
Mirrors
100
AcDbLine
 10
225.70065793589384
 20
351.5306693359118
 30
0.0
  11
273.504924130463
 21
370.1687738955478
 31
0.0
  0
LINE
  5
141
330
1F
100
AcDbEntity
  8
Mirrors
100
AcDbLine
 10
268.8464679925353
 20
368.3525177431829
 30
0.0
  11
323.334152563482
 21
228.5988336053506
 31
0.0
  0
LWPOLYLINE
  5
142
330
1F
100
AcDbEntity
  8
Mirrors
100
AcDbPolyline
 90
60
 70
0
43
0.0
 10
273.504924130463
 20
370.1687738955478
 10
274.393612800715
 20
367.7394393944162
 10
275.28408306795313
 20
365.31079950892354
 10
276.17633485189566
 20
362.88285420776936
 10
277.07036807518347
 20
360.4556034607926
 10
277.9661826633838
 20
358.0290472389732
 10
278.8637785449865
 20
355.6031855144304
 10
279.76315565140544
 20
353.1780182604236
 10
280.66431391697694
 20
350.7535454513517
 10
281.5672532789593
 20
348.3297670627527
 10
282.47197367753284
 20
345.90668307130386
 10
283.3784750557987
 20
343.48429345482117
 10
284.28675735977885
 20
341.0625981922596
 10
285.1968205384153
 20
338.64159726371247
 10
286.10866454357034
 20
336.22129065041156
 10
287.0222893300253
 20
333.80167833472683
 10
287.93769485548046
 20
331.3827603001665
 10
288.8548810805558
 20
328.9645365313768
 10
289.77384796878766
 20
326.5470070141411
 10
290.6945954866326
 20
324.1301717353815
 10
291.6171236034642
 20
321.7140306831572
 10
292.541432291573
 20
319.2985838466647
 10
293.46752152616773
 20
316.8838312162383
 10
294.39539128537376
 20
314.4697727833494
 10
295.32504155023395
 20
312.05640854060704
 10
296.25647230470713
 20
309.64373848175694
 10
297.1896835356697
 20
307.23176260168236
 10
298.124675232914
 20
304.8204808964037
 10
299.06144738914907
 20
302.4098933630781
 10
300.0
 20
300.0
 10
300.0
 20
300.0
 10
300.9403330640093
 20
297.5908008066011
 10
301.88244658263454
 20
295.1822957834497
 10
302.8263405602504
 20
292.7744849322514
 10
303.7720150041481
 20
290.36736825584904
 10
304.7194699245351
 20
287.9609457582221
 10
305.66870533453516
 20
285.5552174444876
 10
306.6197212501894
 20
283.1501833208995
 10
307.5725176904549
 20
280.74584339484886
 10
308.52709467720626
 20
278.3421976748644
 10
309.48345223523495
 20
275.9392461706118
 10
310.44159039225025
 20
273.5369888928944
 10
311.40150917887854
 20
271.1354258536531
 10
312.36320862866353
 20
268.7345570659658
 10
313.3266887780685
 20
266.33438254404916
 10
314.2919496664739
 20
263.9349023032569
 10
315.258991336179
 20
261.53611636008077
 10
316.2278138324028
 20
259.13802473215105
 10
317.1984172032829
 20
256.7406274382356
 10
318.17080149987726
 20
254.34392449824128
 10
319.144966776164
 20
251.9479159332132
 10
320.12091308904184
 20
249.55260176533523
 10
321.09864049833055
 20
247.15798201793012
 10
322.07814906677186
 20
244.7640567154599
 10
323.0594388600294
 20
242.3708258835257
 10
324.0425099466893
 20
239.97828954886816
 10
325.0273623982617
 20
237.58644773936794
 10
326.01399628917943
 20
235.19530048404513
 10
327.0024116968015
 20
232.80484781306077
 10
327.9926087014098
 20
230.41508975771552
  0
LINE
  5
143
330
1F
100
AcDbEntity
  8
Mirrors
100
AcDbLine
 10
282.62775213742407
 20
212.72807127005365
 30
0.0
  11
225.70065793589384
 21
351.5306693359118
 31
0.0
  0
TEXT
  5
145
330
1F
100
AcDbEntity
  8
text
100
AcDbText
 10
518.4718262280012
 20
87.50000000000001
 30
0.0
  40
25.0
  1
M1
 50
0.0
 7
Standard
100
AcDbText
  0
TEXT
  5
146
330
1F
100
AcDbEntity
  8
text
100
AcDbText
 10
-38.20547296577262
 20
171.5010625249228
 30
0.0
  40
12.5
  1
M2
 50
0.0
 7
Standard
100
AcDbText
  0
TEXT
  5
147
330
1F
100
AcDbEntity
  8
text
100
AcDbText
 10
264.9564857262977
 20
284.9606510648072
 30
0.0
  40
12.5
  1
M3
 50
0.0
 7
Standard
100
AcDbText
  0
ENDSEC
  0
SECTION
  2
OBJECTS
  0
DICTIONARY
  5
C
330
0
100
AcDbDictionary
281
     1
  3
ACAD_GROUP
350
D
  3
ACAD_LAYOUT
350
1A
  3
ACAD_MATERIAL
350
3B
  3
ACAD_MLEADERSTYLE
350
6E
  3
ACAD_MLINESTYLE
350
17
  3
ACAD_PLOTSETTINGS
350
19
  3
ACAD_PLOTSTYLENAME
350
E
  3
ACAD_TABLESTYLE
350
6D
  3
ACAD_VISUALSTYLE
350
2A
  0
SUN
  5
3F
330
29
100
AcDbSun
 90
        1
290
     0
 63
     7
421
 16777215
 40
1.0
291
     1
 91
  2455826
 92
 54000000
292
     0
 70
     2
 71
   256
280
     1
  0
DICTIONARY
  5
D
102
{ACAD_REACTORS
330
C
102
}
330
C
100
AcDbDictionary
281
     1
  0
DICTIONARY
  5
1A
102
{ACAD_REACTORS
330
C
102
}
330
C
100
AcDbDictionary
281
     1
  3
Layout1
350
1E
  3
Layout2
350
26
  3
Model
350
22
  0
DICTIONARY
  5
3B
102
{ACAD_REACTORS
330
C
102
}
330
C
100
AcDbDictionary
281
     1
  3
ByBlock
350
3D
  3
ByLayer
350
3C
  3
Global
350
3E
  0
DICTIONARY
  5
6E
102
{ACAD_REACTORS
330
C
102
}
330
C
100
AcDbDictionary
281
     1
  0
DICTIONARY
  5
17
102
{ACAD_REACTORS
330
C
102
}
330
C
100
AcDbDictionary
281
     1
  3
Standard
350
18
  0
DICTIONARY
  5
19
102
{ACAD_REACTORS
330
C
102
}
330
C
100
AcDbDictionary
281
     1
  0
ACDBDICTIONARYWDFLT
  5
E
102
{ACAD_REACTORS
330
C
102
}
330
C
100
AcDbDictionary
281
     1
  3
Normal
350
F
100
AcDbDictionaryWithDefault
340
F
  0
DICTIONARY
  5
6D
102
{ACAD_REACTORS
330
C
102
}
330
C
100
AcDbDictionary
281
     1
  0
DICTIONARY
  5
2A
102
{ACAD_REACTORS
330
C
102
}
330
C
100
AcDbDictionary
281
     1
  3
2dWireframe
350
2F
  3
3D Hidden
350
31
  3
3dWireframe
350
30
  3
Basic
350
32
  3
Brighten
350
36
  3
ColorChange
350
3A
  3
Conceptual
350
34
  3
Dim
350
35
  3
Facepattern
350
39
  3
Flat
350
2B
  3
FlatWithEdges
350
2C
  3
Gouraud
350
2D
  3
GouraudWithEdges
350
2E
  3
Linepattern
350
38
  3
Realistic
350
33
  3
Thicken
350
37
  0
LAYOUT
  5
1E
102
{ACAD_REACTORS
330
1A
102
}
330
1A
100
AcDbPlotSettings
  1

  2
none_device
  4

  6

 40
0.0
 41
0.0
 42
0.0
 43
0.0
 44
0.0
 45
0.0
 46
0.0
 47
0.0
 48
0.0
 49
0.0
140
0.0
141
0.0
142
1.0
143
1.0
 70
   688
 72
     0
 73
     0
 74
     5
  7

 75
    16
 76
     0
 77
     2
 78
   300
147
1.0
148
0.0
149
0.0
100
AcDbLayout
  1
Layout1
 70
     1
 71
     1
 10
0.0
 20
0.0
 11
420.0
 21
297.0
 12
0.0
 22
0.0
 32
0.0
 14
1.000000000000000E+20
 24
1.000000000000000E+20
 34
1.000000000000000E+20
 15
-1.000000000000000E+20
 25
-1.000000000000000E+20
 35
-1.000000000000000E+20
146
0.0
 13
0.0
 23
0.0
 33
0.0
 16
1.0
 26
0.0
 36
0.0
 17
0.0
 27
1.0
 37
0.0
 76
     0
330
1B
  0
LAYOUT
  5
26
102
{ACAD_REACTORS
330
1A
102
}
330
1A
100
AcDbPlotSettings
  1

  2
none_device
  4

  6

 40
0.0
 41
0.0
 42
0.0
 43
0.0
 44
0.0
 45
0.0
 46
0.0
 47
0.0
 48
0.0
 49
0.0
140
0.0
141
0.0
142
1.0
143
1.0
 70
   688
 72
     0
 73
     0
 74
     5
  7

 75
    16
 76
     0
 77
     2
 78
   300
147
1.0
148
0.0
149
0.0
100
AcDbLayout
  1
Layout2
 70
     1
 71
     2
 10
0.0
 20
0.0
 11
0.0
 21
0.0
 12
0.0
 22
0.0
 32
0.0
 14
0.0
 24
0.0
 34
0.0
 15
0.0
 25
0.0
 35
0.0
146
0.0
 13
0.0
 23
0.0
 33
0.0
 16
1.0
 26
0.0
 36
0.0
 17
0.0
 27
1.0
 37
0.0
 76
     0
330
23
  0
LAYOUT
  5
22
102
{ACAD_REACTORS
330
1A
102
}
330
1A
100
AcDbPlotSettings
  1

  2
none_device
  4

  6

 40
0.0
 41
0.0
 42
0.0
 43
0.0
 44
0.0
 45
0.0
 46
0.0
 47
0.0
 48
0.0
 49
0.0
140
0.0
141
0.0
142
1.0
143
1.0
 70
  1712
 72
     0
 73
     0
 74
     0
  7

 75
     0
 76
     0
 77
     2
 78
   300
147
1.0
148
0.0
149
0.0
100
AcDbLayout
  1
Model
 70
     1
 71
     0
 10
0.0
 20
0.0
 11
420.0
 21
297.0
 12
0.0
 22
0.0
 32
0.0
 14
1.0
 24
0.0
 34
0.0
 15
73.0
 25
41.0
 35
0.0
146
0.0
 13
0.0
 23
0.0
 33
0.0
 16
1.0
 26
0.0
 36
0.0
 17
0.0
 27
1.0
 37
0.0
 76
     0
330
1F
331
29
  0
MATERIAL
  5
3D
102
{ACAD_REACTORS
330
3B
102
}
330
3B
100
AcDbMaterial
  1
ByBlock
 72
     1
 94
      127
  0
MATERIAL
  5
3C
102
{ACAD_REACTORS
330
3B
102
}
330
3B
100
AcDbMaterial
  1
ByLayer
 72
     1
 94
      127
  0
MATERIAL
  5
3E
102
{ACAD_REACTORS
330
3B
102
}
330
3B
100
AcDbMaterial
  1
Global
 72
     1
 94
      127
  0
MLINESTYLE
  5
18
102
{ACAD_REACTORS
330
17
102
}
330
17
100
AcDbMlineStyle
  2
Standard
 70
     0
  3

 62
   256
 51
90.0
 52
90.0
 71
     2
 49
0.5
 62
   256
  6
BYLAYER
 49
-0.5
 62
   256
  6
BYLAYER
  0
ACDBPLACEHOLDER
  5
F
102
{ACAD_REACTORS
330
E
102
}
330
E
  0
VISUALSTYLE
  5
2F
102
{ACAD_REACTORS
330
2A
102
}
330
2A
100
AcDbVisualStyle
  2
2dWireframe
 70
     4
177
     2
291
     0
 71
     0
176
     1
 72
     2
176
     1
 73
     0
176
     1
 90
        0
176
     1
 40
-0.6
176
     1
 41
-30.0
176
     1
 62
     5
 63
     7
421
 16777215
176
     1
 74
     1
176
     1
 91
        4
176
     1
 64
     7
176
     1
 65
   257
176
     1
 75
     1
176
     1
175
     1
176
     1
 42
1.0
176
     1
 92
        0
176
     1
 66
   257
176
     1
 43
1.0
176
     1
 76
     1
176
     1
 77
     6
176
     1
 78
     2
176
     1
 67
     7
176
     1
 79
     5
176
     1
170
     0
176
     1
171
     0
176
     1
290
     0
176
     1
 93
        1
176
     1
 44
0.0
176
     1
173
     0
176
     1
  0
VISUALSTYLE
  5
31
102
{ACAD_REACTORS
330
2A
102
}
330
2A
100
AcDbVisualStyle
  2
3D Hidden
 70
     6
177
     2
291
     0
 71
     1
176
     1
 72
     2
176
     1
 73
     2
176
     1
 90
        0
176
     1
 40
-0.6
176
     1
 41
-30.0
176
     1
 62
     5
 63
     7
421
 16777215
176
     1
 74
     2
176
     1
 91
        2
176
     1
 64
     7
176
     1
 65
   257
176
     1
 75
     2
176
     1
175
     1
176
     1
 42
40.0
176
     1
 92
        0
176
     1
 66
   257
176
     1
 43
1.0
176
     1
 76
     1
176
     1
 77
     6
176
     1
 78
     2
176
     1
 67
     7
176
     1
 79
     3
176
     1
170
     0
176
     1
171
     0
176
     1
290
     0
176
     1
 93
        1
176
     1
 44
0.0
176
     1
173
     0
176
     1
  0
VISUALSTYLE
  5
30
102
{ACAD_REACTORS
330
2A
102
}
330
2A
100
AcDbVisualStyle
  2
3dWireframe
 70
     5
177
     2
291
     0
 71
     0
176
     1
 72
     2
176
     1
 73
     0
176
     1
 90
        0
176
     1
 40
-0.6
176
     1
 41
-30.0
176
     1
 62
     5
 63
     7
421
 16777215
176
     1
 74
     1
176
     1
 91
        4
176
     1
 64
     7
176
     1
 65
   257
176
     1
 75
     1
176
     1
175
     1
176
     1
 42
1.0
176
     1
 92
        0
176
     1
 66
   257
176
     1
 43
1.0
176
     1
 76
     1
176
     1
 77
     6
176
     1
 78
     2
176
     1
 67
     7
176
     1
 79
     5
176
     1
170
     0
176
     1
171
     0
176
     1
290
     0
176
     1
 93
        1
176
     1
 44
0.0
176
     1
173
     0
176
     1
  0
VISUALSTYLE
  5
32
102
{ACAD_REACTORS
330
2A
102
}
330
2A
100
AcDbVisualStyle
  2
Basic
 70
     7
177
     2
291
     1
 71
     1
176
     1
 72
     0
176
     1
 73
     1
176
     1
 90
        0
176
     1
 40
-0.6
176
     1
 41
-30.0
176
     1
 62
     5
 63
     7
421
 16777215
176
     1
 74
     0
176
     1
 91
        4
176
     1
 64
     7
176
     1
 65
   257
176
     1
 75
     1
176
     1
175
     1
176
     1
 42
1.0
176
     1
 92
        8
176
     1
 66
     7
176
     1
 43
1.0
176
     1
 76
     1
176
     1
 77
     6
176
     1
 78
     2
176
     1
 67
     7
176
     1
 79
     5
176
     1
170
     0
176
     1
171
     0
176
     1
290
     0
176
     1
 93
        1
176
     1
 44
0.0
176
     1
173
     0
176
     1
  0
VISUALSTYLE
  5
36
102
{ACAD_REACTORS
330
2A
102
}
330
2A
100
AcDbVisualStyle
  2
Brighten
 70
    12
177
     2
291
     1
 71
     2
176
     1
 72
     2
176
     1
 73
     0
176
     1
 90
        0
176
     1
 40
-0.6
176
     1
 41
-30.0
176
     1
 62
     5
 63
     7
421
 16777215
176
     1
 74
     1
176
     1
 91
        4
176
     1
 64
     7
176
     1
 65
   257
176
     1
 75
     1
176
     1
175
     1
176
     1
 42
1.0
176
     1
 92
        8
176
     1
 66
     7
176
     1
 43
1.0
176
     1
 76
     1
176
     1
 77
     6
176
     1
 78
     2
176
     1
 67
     7
176
     1
 79
     5
176
     1
170
     0
176
     1
171
     0
176
     1
290
     0
176
     1
 93
        1
176
     1
 44
50.0
176
     1
173
     0
176
     1
  0
VISUALSTYLE
  5
3A
102
{ACAD_REACTORS
330
2A
102
}
330
2A
100
AcDbVisualStyle
  2
ColorChange
 70
    16
177
     2
291
     1
 71
     2
176
     1
 72
     2
176
     1
 73
     3
176
     1
 90
        0
176
     1
 40
-0.6
176
     1
 41
-30.0
176
     1
 62
     5
 63
     8
421
  8421504
176
     1
 74
     1
176
     1
 91
        4
176
     1
 64
     7
176
     1
 65
   257
176
     1
 75
     1
176
     1
175
     1
176
     1
 42
1.0
176
     1
 92
        8
176
     1
 66
     8
424
  8421504
176
     1
 43
1.0
176
     1
 76
     1
176
     1
 77
     6
176
     1
 78
     2
176
     1
 67
     7
176
     1
 79
     5
176
     1
170
     0
176
     1
171
     0
176
     1
290
     0
176
     1
 93
        1
176
     1
 44
0.0
176
     1
173
     0
176
     1
  0
VISUALSTYLE
  5
34
102
{ACAD_REACTORS
330
2A
102
}
330
2A
100
AcDbVisualStyle
  2
Conceptual
 70
     9
177
     2
291
     0
 71
     3
176
     1
 72
     2
176
     1
 73
     0
176
     1
 90
        0
176
     1
 40
-0.6
176
     1
 41
-30.0
176
     1
 62
     5
 63
     7
421
 16777215
176
     1
 74
     2
176
     1
 91
        2
176
     1
 64
     7
176
     1
 65
   257
176
     1
 75
     1
176
     1
175
     1
176
     1
 42
40.0
176
     1
 92
        8
176
     1
 66
     7
176
     1
 43
1.0
176
     1
 76
     1
176
     1
 77
     6
176
     1
 78
     2
176
     1
 67
     7
176
     1
 79
     3
176
     1
170
     0
176
     1
171
     0
176
     1
290
     0
176
     1
 93
        1
176
     1
 44
0.0
176
     1
173
     0
176
     1
  0
VISUALSTYLE
  5
35
102
{ACAD_REACTORS
330
2A
102
}
330
2A
100
AcDbVisualStyle
  2
Dim
 70
    11
177
     2
291
     1
 71
     2
176
     1
 72
     2
176
     1
 73
     0
176
     1
 90
        0
176
     1
 40
-0.6
176
     1
 41
-30.0
176
     1
 62
     5
 63
     7
421
 16777215
176
     1
 74
     1
176
     1
 91
        4
176
     1
 64
     7
176
     1
 65
   257
176
     1
 75
     1
176
     1
175
     1
176
     1
 42
1.0
176
     1
 92
        8
176
     1
 66
     7
176
     1
 43
1.0
176
     1
 76
     1
176
     1
 77
     6
176
     1
 78
     2
176
     1
 67
     7
176
     1
 79
     5
176
     1
170
     0
176
     1
171
     0
176
     1
290
     0
176
     1
 93
        1
176
     1
 44
-50.0
176
     1
173
     0
176
     1
  0
VISUALSTYLE
  5
39
102
{ACAD_REACTORS
330
2A
102
}
330
2A
100
AcDbVisualStyle
  2
Facepattern
 70
    15
177
     2
291
     1
 71
     2
176
     1
 72
     2
176
     1
 73
     0
176
     1
 90
        0
176
     1
 40
-0.6
176
     1
 41
-30.0
176
     1
 62
     5
 63
     7
421
 16777215
176
     1
 74
     1
176
     1
 91
        4
176
     1
 64
     7
176
     1
 65
   257
176
     1
 75
     1
176
     1
175
     1
176
     1
 42
1.0
176
     1
 92
        8
176
     1
 66
     7
176
     1
 43
1.0
176
     1
 76
     1
176
     1
 77
     6
176
     1
 78
     2
176
     1
 67
     7
176
     1
 79
     5
176
     1
170
     0
176
     1
171
     0
176
     1
290
     0
176
     1
 93
        1
176
     1
 44
0.0
176
     1
173
     0
176
     1
  0
VISUALSTYLE
  5
2B
102
{ACAD_REACTORS
330
2A
102
}
330
2A
100
AcDbVisualStyle
  2
Flat
 70
     0
177
     2
291
     1
 71
     2
176
     1
 72
     1
176
     1
 73
     1
176
     1
 90
        2
176
     1
 40
-0.6
176
     1
 41
30.0
176
     1
 62
     5
 63
     7
421
 16777215
176
     1
 74
     0
176
     1
 91
        4
176
     1
 64
     7
176
     1
 65
   257
176
     1
 75
     1
176
     1
175
     1
176
     1
 42
1.0
176
     1
 92
        8
176
     1
 66
     7
176
     1
 43
1.0
176
     1
 76
     1
176
     1
 77
     6
176
     1
 78
     2
176
     1
 67
     7
176
     1
 79
     5
176
     1
170
     0
176
     1
171
     0
176
     1
290
     0
176
     1
 93
       13
176
     1
 44
0.0
176
     1
173
     0
176
     1
  0
VISUALSTYLE
  5
2C
102
{ACAD_REACTORS
330
2A
102
}
330
2A
100
AcDbVisualStyle
  2
FlatWithEdges
 70
     1
177
     2
291
     1
 71
     2
176
     1
 72
     1
176
     1
 73
     1
176
     1
 90
        2
176
     1
 40
-0.6
176
     1
 41
30.0
176
     1
 62
     5
 63
     7
421
 16777215
176
     1
 74
     1
176
     1
 91
        4
176
     1
 64
     7
176
     1
 65
   257
176
     1
 75
     1
176
     1
175
     1
176
     1
 42
1.0
176
     1
 92
        0
176
     1
 66
   257
176
     1
 43
1.0
176
     1
 76
     1
176
     1
 77
     6
176
     1
 78
     2
176
     1
 67
     7
176
     1
 79
     5
176
     1
170
     0
176
     1
171
     0
176
     1
290
     0
176
     1
 93
       13
176
     1
 44
0.0
176
     1
173
     0
176
     1
  0
VISUALSTYLE
  5
2D
102
{ACAD_REACTORS
330
2A
102
}
330
2A
100
AcDbVisualStyle
  2
Gouraud
 70
     2
177
     2
291
     1
 71
     2
176
     1
 72
     2
176
     1
 73
     1
176
     1
 90
        2
176
     1
 40
-0.6
176
     1
 41
30.0
176
     1
 62
     5
 63
     7
421
 16777215
176
     1
 74
     0
176
     1
 91
        4
176
     1
 64
     7
176
     1
 65
   257
176
     1
 75
     1
176
     1
175
     1
176
     1
 42
1.0
176
     1
 92
        0
176
     1
 66
     7
176
     1
 43
1.0
176
     1
 76
     1
176
     1
 77
     6
176
     1
 78
     2
176
     1
 67
     7
176
     1
 79
     5
176
     1
170
     0
176
     1
171
     0
176
     1
290
     0
176
     1
 93
       13
176
     1
 44
0.0
176
     1
173
     0
176
     1
  0
VISUALSTYLE
  5
2E
102
{ACAD_REACTORS
330
2A
102
}
330
2A
100
AcDbVisualStyle
  2
GouraudWithEdges
 70
     3
177
     2
291
     1
 71
     2
176
     1
 72
     2
176
     1
 73
     1
176
     1
 90
        2
176
     1
 40
-0.6
176
     1
 41
30.0
176
     1
 62
     5
 63
     7
421
 16777215
176
     1
 74
     1
176
     1
 91
        4
176
     1
 64
     7
176
     1
 65
   257
176
     1
 75
     1
176
     1
175
     1
176
     1
 42
1.0
176
     1
 92
        0
176
     1
 66
   257
176
     1
 43
1.0
176
     1
 76
     1
176
     1
 77
     6
176
     1
 78
     2
176
     1
 67
     7
176
     1
 79
     5
176
     1
170
     0
176
     1
171
     0
176
     1
290
     0
176
     1
 93
       13
176
     1
 44
0.0
176
     1
173
     0
176
     1
  0
VISUALSTYLE
  5
38
102
{ACAD_REACTORS
330
2A
102
}
330
2A
100
AcDbVisualStyle
  2
Linepattern
 70
    14
177
     2
291
     1
 71
     2
176
     1
 72
     2
176
     1
 73
     0
176
     1
 90
        0
176
     1
 40
-0.6
176
     1
 41
-30.0
176
     1
 62
     5
 63
     7
421
 16777215
176
     1
 74
     1
176
     1
 91
        4
176
     1
 64
     7
176
     1
 65
   257
176
     1
 75
     7
176
     1
175
     7
176
     1
 42
1.0
176
     1
 92
        8
176
     1
 66
     7
176
     1
 43
1.0
176
     1
 76
     1
176
     1
 77
     6
176
     1
 78
     2
176
     1
 67
     7
176
     1
 79
     5
176
     1
170
     0
176
     1
171
     0
176
     1
290
     0
176
     1
 93
        1
176
     1
 44
0.0
176
     1
173
     0
176
     1
  0
VISUALSTYLE
  5
33
102
{ACAD_REACTORS
330
2A
102
}
330
2A
100
AcDbVisualStyle
  2
Realistic
 70
     8
177
     2
291
     0
 71
     2
176
     1
 72
     2
176
     1
 73
     0
176
     1
 90
        0
176
     1
 40
-0.6
176
     1
 41
-30.0
176
     1
 62
     5
 63
     7
421
 16777215
176
     1
 74
     1
176
     1
 91
        0
176
     1
 64
     7
176
     1
 65
   257
176
     1
 75
     1
176
     1
175
     1
176
     1
 42
1.0
176
     1
 92
        8
176
     1
 66
     8
424
  7895160
176
     1
 43
1.0
176
     1
 76
     1
176
     1
 77
     6
176
     1
 78
     2
176
     1
 67
     7
176
     1
 79
     5
176
     1
170
     0
176
     1
171
     0
176
     1
290
     0
176
     1
 93
       13
176
     1
 44
0.0
176
     1
173
     0
176
     1
  0
VISUALSTYLE
  5
37
102
{ACAD_REACTORS
330
2A
102
}
330
2A
100
AcDbVisualStyle
  2
Thicken
 70
    13
177
     2
291
     1
 71
     2
176
     1
 72
     2
176
     1
 73
     0
176
     1
 90
        0
176
     1
 40
-0.6
176
     1
 41
-30.0
176
     1
 62
     5
 63
     7
421
 16777215
176
     1
 74
     1
176
     1
 91
        4
176
     1
 64
     7
176
     1
 65
   257
176
     1
 75
     1
176
     1
175
     1
176
     1
 42
1.0
176
     1
 92
       12
176
     1
 66
     7
176
     1
 43
1.0
176
     1
 76
     1
176
     1
 77
     6
176
     1
 78
     2
176
     1
 67
     7
176
     1
 79
     5
176
     1
170
     0
176
     1
171
     0
176
     1
290
     0
176
     1
 93
        1
176
     1
 44
0.0
176
     1
173
     0
176
     1
  0
ENDSEC
0
EOF
